Customer ID,Campaign ID,Ad group ID,Ad group state,Max. CPM,Max. CPC,Bid Strategy Type,Cost,Avg. Cost,Impressions,Clicks,Conversions,Avg. CPC,Cost / conv.,Criteria Display Name
3637290511,1747836670,68524904775,enabled, --,4000000,cpc,0,0,0,0,0.00,0,0,line.me
3637290511,1747836670,68524904775,enabled, --,4000000,cpc,0,0,0,0,0.00,0,0,9800.com.tw
3637290511,1747836670,68524904775,enabled, --,4000000,cpc,0,0,0,0,0.00,0,0,ck101.com
3637290511,1747836670,68524904775,enabled, --,4000000,cpc,0,0,177,0,0.00,0,0,hssszn.com
3637290511,1747836670,68524904775,enabled, --,4000000,cpc,2175938,2175938,231,1,0.00,2175938,0,qnyqw.com
3637290511,1747836670,68524904775,enabled, --,4000000,cpc,0,0,147,0,0.00,0,0,micelle0926.com
3637290511,1747836670,68524904775,enabled, --,4000000,cpc,0,0,19,0,0.00,0,0,"Mobile App: Juicy Candy Block - Blast Puzzle (Google Play), by Juicy Candy Studio"
3637290511,1747836670,68524904775,enabled, --,4000000,cpc,0,0,25,0,0.00,0,0,gameinfo.io
3637290511,1747836670,68524904775,enabled, --,4000000,cpc,22513091,2814136,6542,8,0.00,2814136,0,ck101.org
3637290511,1747836670,68524904775,enabled, --,4000000,cpc,0,0,7,0,0.00,0,0,"Mobile App: PNN 鄉民晚報 (Google Play), by Aotter Inc."
3637290511,1747836670,68524904775,enabled, --,4000000,cpc,2487491,2487491,1091,1,0.00,2487491,0,skyqzone.com
3637290511,1747836670,68524904775,enabled, --,4000000,cpc,0,0,5,0,0.00,0,0,berich.com.tw
3637290511,1747836670,68524904775,enabled, --,4000000,cpc,0,0,14,0,0.00,0,0,ptt101.com
3637290511,1747836670,68524904775,enabled, --,4000000,cpc,1867767,1867767,316,1,0.00,1867767,0,bluezz.com.tw
3637290511,1747836670,68524904775,enabled, --,4000000,cpc,0,0,20,0,0.00,0,0,cpzhan.com
3637290511,1747836670,68524904775,enabled, --,4000000,cpc,0,0,6,0,0.00,0,0,i-favorites.net
3637290511,1747836670,68524904775,enabled, --,4000000,cpc,0,0,18,0,0.00,0,0,xskt.com.vn
3637290511,1747836670,68524904775,enabled, --,4000000,cpc,0,0,234,0,0.00,0,0,mobile01.com
3637290511,1747836670,68524904775,enabled, --,4000000,cpc,32417952,2161197,8014,15,0.00,2161197,0,pilio.idv.tw
3637290511,1747836670,68524904775,enabled, --,4000000,cpc,0,0,24,0,0.00,0,0,cythia0805.com
3637290511,1747836670,68524904775,enabled, --,4000000,cpc,0,0,8,0,0.00,0,0,laodong.vn
3637290511,1747836670,68524904775,enabled, --,4000000,cpc,3079785,3079785,2018,1,0.00,3079785,0,readdoo.com
3637290511,1747836670,68524904775,enabled, --,4000000,cpc,193534209,3280241,36415,59,1.00,3280241,193534209,appledaily.com
3637290511,1747836670,68524904775,enabled, --,4000000,cpc,0,0,5,0,0.00,0,0,"Mobile App: 台鐵智慧訂票 - 簡潔快速的智慧訂票與時刻查詢 (Google Play), by R2 Studio"
3637290511,1747836670,68524904775,enabled, --,4000000,cpc,0,0,50,0,0.00,0,0,mobileapp::2-com.dplayers.website
3637290511,1747836670,68524904775,enabled, --,4000000,cpc,3148416,3148416,880,1,0.00,3148416,0,piaotian.cc
3637290511,1747836670,68524904775,enabled, --,4000000,cpc,25814207,3226776,3521,8,0.00,3226776,0,horofriend88.com
3637290511,1747836670,68524904775,enabled, --,4000000,cpc,0,0,11,0,0.00,0,0,bobowin.blog
3637290511,1747836670,68524904775,enabled, --,4000000,cpc,0,0,229,0,0.00,0,0,bsxsw.com
3637290511,1747836670,68524904775,enabled, --,4000000,cpc,21136169,2113617,371,10,0.00,2113617,0,"Mobile App: Sweet Candy Story (Google Play), by Fruit Candy Blast"
3637290511,1747836670,68524904775,enabled, --,4000000,cpc,0,0,5,0,0.00,0,0,tv324.com
3637290511,1747836670,68524904775,enabled, --,4000000,cpc,10839891,2709973,9863,4,0.00,2709973,0,playsport.cc
3637290511,1747836670,68524904775,enabled, --,4000000,cpc,0,0,63,0,0.00,0,0,playbrain.me
3637290511,1747836670,68524904775,enabled, --,4000000,cpc,21149624,3524937,9175,6,0.00,3524937,0,ebc.net.tw
3637290511,1747836670,68524904775,enabled, --,4000000,cpc,0,0,74,0,0.00,0,0,"Mobile App: 三立新聞網 (Google Play), by Sanlih E-Television Co., Ltd."
3637290511,1747836670,68524904775,enabled, --,4000000,cpc,0,0,24,0,0.00,0,0,orgs.pub
3637290511,1747836670,68524904775,enabled, --,4000000,cpc,0,0,9,0,0.00,0,0,kpopn.com
3637290511,1747836670,68524904775,enabled, --,4000000,cpc,0,0,138,0,0.00,0,0,starword.com.tw
3637290511,1747836670,68524904775,enabled, --,4000000,cpc,9656457,3218819,1695,3,0.00,3218819,0,"Mobile App: udn News (Google Play), by udn.com"
3637290511,1747836670,68524904775,enabled, --,4000000,cpc,1322971,1322971,1747,1,0.00,1322971,0,ptwxz.com
3637290511,1747836670,68524904775,enabled, --,4000000,cpc,0,0,8,0,0.00,0,0,holaquiz.com
3637290511,1747836670,68524904775,enabled, --,4000000,cpc,2626058,2626058,1,1,0.00,2626058,0,harapan.blog
3637290511,1747836670,68524904775,enabled, --,4000000,cpc,0,0,16,0,0.00,0,0,thestarsky.com
3637290511,1747836670,68524904775,enabled, --,4000000,cpc,0,0,36,0,0.00,0,0,hetubook.com
3637290511,1747836670,68524904775,enabled, --,4000000,cpc,0,0,194,0,0.00,0,0,91post.net
3637290511,1747836670,68524904775,enabled, --,4000000,cpc,0,0,182,0,0.00,0,0,wesay.com.tw
3637290511,1747836670,68524904775,enabled, --,4000000,cpc,3305078,3305078,23,1,0.00,3305078,0,xuite.net
3637290511,1747836670,68524904775,enabled, --,4000000,cpc,0,0,5,0,0.00,0,0,shrimplitw.com
3637290511,1747836670,68524904775,enabled, --,4000000,cpc,0,0,5,0,0.00,0,0,xoso.me
3637290511,1747836670,68524904775,enabled, --,4000000,cpc,0,0,17,0,0.00,0,0,ipub.one
3637290511,1747836670,68524904775,enabled, --,4000000,cpc,0,0,17,0,0.00,0,0,"Mobile App: NEO Mushroom Garden (Google Play), by BEEWORKS GAMES"
3637290511,1747836670,68524904775,enabled, --,4000000,cpc,0,0,301,0,0.00,0,0,fullfenblog.tw
3637290511,1747836670,68524904775,enabled, --,4000000,cpc,0,0,55,0,0.00,0,0,momotravel.tw
3637290511,1747836670,68524904775,enabled, --,4000000,cpc,0,0,8,0,0.00,0,0,ldkrsi.men
3637290511,1747836670,68524904775,enabled, --,4000000,cpc,0,0,7,0,0.00,0,0,cdict.net
3637290511,1747836670,68524904775,enabled, --,4000000,cpc,3086867,3086867,6,1,0.00,3086867,0,lillianblog.com
3637290511,1747836670,68524904775,enabled, --,4000000,cpc,0,0,6,0,0.00,0,0,mrlifeday.com
3637290511,1747836670,68524904775,enabled, --,4000000,cpc,0,0,48,0,0.00,0,0,gotw101.com
3637290511,1747836670,68524904775,enabled, --,4000000,cpc,3302705,3302705,165,1,0.00,3302705,0,lotto123.org
3637290511,1747836670,68524904775,enabled, --,4000000,cpc,1610328,1610328,16,1,0.00,1610328,0,"Mobile App: Fruit Splash (Google Play), by Lovely Game"
3637290511,1747836670,68524904775,enabled, --,4000000,cpc,0,0,156,0,0.00,0,0,uwants.in
3637290511,1747836670,68524904775,enabled, --,4000000,cpc,0,0,17,0,0.00,0,0,"Mobile App: Taoyuan Bus Timetable (Google Play), by Goder Hsu"
3637290511,1747836670,68524904775,enabled, --,4000000,cpc,3141778,3141778,9,1,0.00,3141778,0,1kxun.mobi
3637290511,1747836670,68524904775,enabled, --,4000000,cpc,0,0,6,0,0.00,0,0,bestday123.com
3637290511,1747836670,68524904775,enabled, --,4000000,cpc,2470784,2470784,3,1,0.00,2470784,0,ttpaihang.com
3637290511,1747836670,68524904775,enabled, --,4000000,cpc,0,0,8,0,0.00,0,0,"Mobile App: Tainan Bus Timetable (Google Play), by Goder Hsu"
3637290511,1747836670,68524904775,enabled, --,4000000,cpc,0,0,31,0,0.00,0,0,"Mobile App: Taipei Bus (Real-time) (Google Play), by skystar"
3637290511,1747836670,68524904775,enabled, --,4000000,cpc,0,0,5,0,0.00,0,0,horigtpoeswri.info
3637290511,1747836670,68524904775,enabled, --,4000000,cpc,7070752,3535376,872,2,0.00,3535376,0,funtoday.news
3637290511,1747836670,68524904775,enabled, --,4000000,cpc,0,0,7,0,0.00,0,0,mecocute.com
3637290511,1747836670,68524904775,enabled, --,4000000,cpc,0,0,5,0,0.00,0,0,"Mobile App: Egypt Miracle Match Legend (Google Play), by puzzle game match world"
3637290511,1747836670,68524904775,enabled, --,4000000,cpc,0,0,0,0,0.00,0,0,atmovies.com.tw
3637290511,1747836670,68524904775,enabled, --,4000000,cpc,79140826,3297534,10414,24,0.00,3297534,0,"Mobile App: 自由時報 (iTunes App Store), by 自由時報"
3637290511,1747836670,68524904775,enabled, --,4000000,cpc,0,0,98,0,0.00,0,0,speedcarday.com
3637290511,1747836670,68524904775,enabled, --,4000000,cpc,0,0,18,0,0.00,0,0,kunlema.com
3637290511,1747836670,68524904775,enabled, --,4000000,cpc,0,0,12,0,0.00,0,0,lookerideas.com
3637290511,1747836670,68524904775,enabled, --,4000000,cpc,0,0,5,0,0.00,0,0,"Mobile App: FGL Pro (Google Play), by LTP PRO LLC"
3637290511,1747836670,68524904775,enabled, --,4000000,cpc,0,0,10,0,0.00,0,0,8s8s.com
3637290511,1747836670,68524904775,enabled, --,4000000,cpc,3150448,3150448,79,1,0.00,3150448,0,"Mobile App: Kaohsiung Bus (Real-time) (Google Play), by skystar"
3637290511,1747836670,68524904775,enabled, --,4000000,cpc,1679801,1679801,769,1,0.00,1679801,0,"Mobile App: My Talking Tom (Google Play), by Outfit7 Limited"
3637290511,1747836670,68524904775,enabled, --,4000000,cpc,0,0,123,0,0.00,0,0,bigdramas.info
3637290511,1747836670,68524904775,enabled, --,4000000,cpc,10546132,1757689,376,6,0.00,1757689,0,"Mobile App: PopStar Block Puzzle kill time (Google Play), by Big Ray Studio"
3637290511,1747836670,68524904775,enabled, --,4000000,cpc,0,0,6,0,0.00,0,0,moptt.tw
3637290511,1747836670,68524904775,enabled, --,4000000,cpc,0,0,14,0,0.00,0,0,upssmile.com
3637290511,1747836670,68524904775,enabled, --,4000000,cpc,3361150,3361150,13,1,0.00,3361150,0,biblegateway.com
3637290511,1747836670,68524904775,enabled, --,4000000,cpc,0,0,43,0,0.00,0,0,mobileapp::2-com.Comic888
3637290511,1747836670,68524904775,enabled, --,4000000,cpc,0,0,16,0,0.00,0,0,mst168.idv.tw
3637290511,1747836670,68524904775,enabled, --,4000000,cpc,0,0,0,0,0.00,0,0,9pwx.com
3637290511,1747836670,68524904775,enabled, --,4000000,cpc,0,0,10,0,0.00,0,0,dobuhdo.com
3637290511,1747836670,68524904775,enabled, --,4000000,cpc,0,0,179,0,0.00,0,0,itislooker.com
3637290511,1747836670,68524904775,enabled, --,4000000,cpc,0,0,104,0,0.00,0,0,thefundaily.co
3637290511,1747836670,68524904775,enabled, --,4000000,cpc,0,0,53,0,0.00,0,0,ttshow.tw
3637290511,1747836670,68524904775,enabled, --,4000000,cpc,5793016,2896508,319,2,0.00,2896508,0,hk01.com
3637290511,1747836670,68524904775,enabled, --,4000000,cpc,2170437,2170437,3,1,0.00,2170437,0,"Mobile App: Sweet Fever (Google Play), by Mobileguru"
3637290511,1747836670,68524904775,enabled, --,4000000,cpc,0,0,26,0,0.00,0,0,sina.com.tw
3637290511,1747836670,68524904775,enabled, --,4000000,cpc,3947674,3947674,598,1,0.00,3947674,0,kknews.cc
3637290511,1747836670,68524904775,enabled, --,4000000,cpc,0,0,5,0,0.00,0,0,"Mobile App: Hexagon Puzzle Legend: Free (Google Play), by Free Puzzle Casual Game"
3637290511,1747836670,68524904775,enabled, --,4000000,cpc,0,0,6,0,0.00,0,0,copperknob.co.uk
3637290511,1747836670,68524904775,enabled, --,4000000,cpc,0,0,43,0,0.00,0,0,"Mobile App: Sweet Candy Burst (Google Play), by Cosmo Game"
3637290511,1747836670,68524904775,enabled, --,4000000,cpc,0,0,5,0,0.00,0,0,"Mobile App: Bubble Wings: offline bubble shooter games (Google Play), by Neon Game"
3637290511,1747836670,68524904775,enabled, --,4000000,cpc,16547714,3309543,603,5,1.00,3309543,16547714,"Mobile App: Jewels Star 3 (Google Play), by ITREEGAMER"
3637290511,1747836670,68524904775,enabled, --,4000000,cpc,0,0,213,0,0.00,0,0,ezgoe.com
3637290511,1747836670,68524904775,enabled, --,4000000,cpc,0,0,8,0,0.00,0,0,"Mobile App: Pet Line (Google Play), by Coool Game"
3637290511,1747836670,68524904775,enabled, --,4000000,cpc,0,0,23,0,0.00,0,0,quanben-xiaoshuo.com
3637290511,1747836670,68524904775,enabled, --,4000000,cpc,0,0,0,0,0.00,0,0,comicbus.com
3637290511,1747836670,68524904775,enabled, --,4000000,cpc,0,0,0,0,0.00,0,0,101novel.com
3637290511,1747836670,68524904775,enabled, --,4000000,cpc,0,0,0,0,0.00,0,0,beclass.com
3637290511,1747836670,68524904775,enabled, --,4000000,cpc,0,0,0,0,0.00,0,0,69shu.com
3637290511,1747836670,68524904775,enabled, --,4000000,cpc,0,0,222,0,0.00,0,0,mobileapp::2-com.sceneway.kankan
3637290511,1747836670,68524904775,enabled, --,4000000,cpc,0,0,18,0,0.00,0,0,"Mobile App: FreeCell Solitaire (Google Play), by Odesys, LLC"
3637290511,1747836670,68524904775,enabled, --,4000000,cpc,0,0,67,0,0.00,0,0,komica.org
3637290511,1747836670,68524904775,enabled, --,4000000,cpc,0,0,51,0,0.00,0,0,"Mobile App: Chuzzle 2 (Google Play), by Raptisoft"
3637290511,1747836670,68524904775,enabled, --,4000000,cpc,0,0,21,0,0.00,0,0,dongliuxiaoshuo.com
3637290511,1747836670,68524904775,enabled, --,4000000,cpc,0,0,5,0,0.00,0,0,"Mobile App: TaiChung Bus Timetable (Google Play), by Goder Hsu"
3637290511,1747836670,68524904775,enabled, --,4000000,cpc,0,0,7,0,0.00,0,0,xzhappytify.com
3637290511,1747836670,68524904775,enabled, --,4000000,cpc,0,0,5,0,0.00,0,0,nasdaq.com
3637290511,1747836670,68524904775,enabled, --,4000000,cpc,0,0,7,0,0.00,0,0,znljiayou.com
3637290511,1747836670,68524904775,enabled, --,4000000,cpc,11144150,3714717,4044,3,0.00,3714717,0,ettoday.net
3637290511,1747836670,68524904775,enabled, --,4000000,cpc,0,0,39,0,0.00,0,0,kunkun.fun
3637290511,1747836670,68524904775,enabled, --,4000000,cpc,19001021,2714432,2045,7,0.00,2714432,0,ezp93.com
3637290511,1747836670,68524904775,enabled, --,4000000,cpc,0,0,5,0,0.00,0,0,bballman.com
3637290511,1747836670,68524904775,enabled, --,4000000,cpc,3453103,3453103,280,1,0.00,3453103,0,starpark.tw
3637290511,1747836670,68524904775,enabled, --,4000000,cpc,0,0,142,0,0.00,0,0,commonhealth.com.tw
3637290511,1747836670,68524904775,enabled, --,4000000,cpc,32104594,2293185,4901,14,0.00,2293185,0,lotto-8.com
3637290511,1747836670,68524904775,enabled, --,4000000,cpc,0,0,11,0,0.00,0,0,"Mobile App: 油價公告 (下週油價預測、信用卡加油優惠、附近加油站) (Google Play), by GoodLife 好生活"
3637290511,1747836670,68524904775,enabled, --,4000000,cpc,0,0,127,0,0.00,0,0,mimihan.tw
3637290511,1747836670,68524904775,enabled, --,4000000,cpc,0,0,5,0,0.00,0,0,9db.jp
3637290511,1747836670,68524904775,enabled, --,4000000,cpc,0,0,1094,0,0.00,0,0,cna.com.tw
3637290511,1747836670,68524904775,enabled, --,4000000,cpc,0,0,5,0,0.00,0,0,rctw.net
3637290511,1747836670,68524904775,enabled, --,4000000,cpc,0,0,31,0,0.00,0,0,"Mobile App: 雙北公車 (Google Play), by mizSoftware"
3637290511,1747836670,68524904775,enabled, --,4000000,cpc,1374362,1374362,404,1,0.00,1374362,0,xsw.tw
3637290511,1747836670,68524904775,enabled, --,4000000,cpc,21040350,3506725,2705,6,0.00,3506725,0,ixdzs.com
3637290511,1747836670,68524904775,enabled, --,4000000,cpc,0,0,42,0,0.00,0,0,starbox.tw
3637290511,1747836670,68524904775,enabled, --,4000000,cpc,9844648,3281549,1746,3,0.00,3281549,0,healthdaily.tw
3637290511,1747836670,68524904775,enabled, --,4000000,cpc,0,0,201,0,0.00,0,0,sportsv.net
3637290511,1747836670,68524904775,enabled, --,4000000,cpc,3735913,3735913,11,1,0.00,3735913,0,soundofhope.org
3637290511,1747836670,68524904775,enabled, --,4000000,cpc,0,0,11,0,0.00,0,0,"Mobile App: Block Puzzle (Google Play), by Puzzle Game Free 2018"
3637290511,1747836670,68524904775,enabled, --,4000000,cpc,0,0,281,0,0.00,0,0,kenalice.tw
3637290511,1747836670,68524904775,enabled, --,4000000,cpc,0,0,23,0,0.00,0,0,lpga.or.jp
3637290511,1747836670,68524904775,enabled, --,4000000,cpc,0,0,18,0,0.00,0,0,"Mobile App: Balls Control (Google Play), by GoLeft spol. s r. o."
3637290511,1747836670,68524904775,enabled, --,4000000,cpc,0,0,5,0,0.00,0,0,esther7.com
3637290511,1747836670,68524904775,enabled, --,4000000,cpc,2704894,2704894,3,1,0.00,2704894,0,thichtruyen.vn
3637290511,1747836670,68524904775,enabled, --,4000000,cpc,0,0,5,0,0.00,0,0,hardwarezone.com.sg
3637290511,1747836670,68524904775,enabled, --,4000000,cpc,0,0,5,0,0.00,0,0,ants.tw
3637290511,1747836670,68524904775,enabled, --,4000000,cpc,0,0,35,0,0.00,0,0,ftvnews.com.tw
3637290511,1747836670,68524904775,enabled, --,4000000,cpc,0,0,24,0,0.00,0,0,ddm.com.tw
3637290511,1747836670,68524904775,enabled, --,4000000,cpc,1226970,1226970,18,1,0.00,1226970,0,"Mobile App: Onet Fruit (Google Play), by Free Puzzles"
3637290511,1747836670,68524904775,enabled, --,4000000,cpc,2663838,2663838,687,1,0.00,2663838,0,dcard.tw
3637290511,1747836670,68524904775,enabled, --,4000000,cpc,168339853,3060725,18700,55,1.00,3060725,168339853,chinatimes.com
3637290511,1747836670,68524904775,enabled, --,4000000,cpc,0,0,53,0,0.00,0,0,mobileapp::2-com.dbrowser.fromwebsite
3637290511,1747836670,68524904775,enabled, --,4000000,cpc,4252203,2126102,1236,2,0.00,2126102,0,chinaq.tw
3637290511,1747836670,68524904775,enabled, --,4000000,cpc,0,0,177,0,0.00,0,0,funnyp.co
3637290511,1747836670,68524904775,enabled, --,4000000,cpc,0,0,22,0,0.00,0,0,"Mobile App: Google News (Google Play), by Google LLC"
3637290511,1747836670,68524904775,enabled, --,4000000,cpc,0,0,19,0,0.00,0,0,rengshu.com
3637290511,1747836670,68524904775,enabled, --,4000000,cpc,0,0,5,0,0.00,0,0,hkacger.com
3637290511,1747836670,68524904775,enabled, --,4000000,cpc,2957052,1478526,152,2,0.00,1478526,0,"Mobile App: Pop Cat (Google Play), by LinkDesks - Jewel Games Star"
3637290511,1747836670,68524904775,enabled, --,4000000,cpc,0,0,18,0,0.00,0,0,poedb.tw
3637290511,1747836670,68524904775,enabled, --,4000000,cpc,0,0,37,0,0.00,0,0,tw001.com
3637290511,1747836670,68524904775,enabled, --,4000000,cpc,0,0,321,0,0.00,0,0,17readthis.com
3637290511,1747836670,68524904775,enabled, --,4000000,cpc,0,0,30,0,0.00,0,0,"Mobile App: Fruit Crush - Match 3 games (Google Play), by Coool Game"
3637290511,1747836670,68524904775,enabled, --,4000000,cpc,0,0,100,0,0.00,0,0,ddshu.net
3637290511,1747836670,68524904775,enabled, --,4000000,cpc,0,0,64,0,0.00,0,0,heho.com.tw
3637290511,1747836670,68524904775,enabled, --,4000000,cpc,0,0,248,0,0.00,0,0,lookingforward.info
3637290511,1747836670,68524904775,enabled, --,4000000,cpc,0,0,9,0,0.00,0,0,ylxs.cc
3637290511,1747836670,68524904775,enabled, --,4000000,cpc,0,0,330,0,0.00,0,0,ichacha.net
3637290511,1747836670,68524904775,enabled, --,4000000,cpc,2568613,2568613,1,1,0.00,2568613,0,kanreport.com
3637290511,1747836670,68524904775,enabled, --,4000000,cpc,0,0,56,0,0.00,0,0,permio1.com
3637290511,1747836670,68524904775,enabled, --,4000000,cpc,0,0,117,0,0.00,0,0,www.com.tw
3637290511,1747836670,68524904775,enabled, --,4000000,cpc,3140192,3140192,1844,1,0.00,3140192,0,mgyqw.com
3637290511,1747836670,68524904775,enabled, --,4000000,cpc,0,0,21,0,0.00,0,0,coffeearticle.com
3637290511,1747836670,68524904775,enabled, --,4000000,cpc,27991633,3110181,1345,9,0.00,3110181,0,horo88.cc
3637290511,1747836670,68524904775,enabled, --,4000000,cpc,2548011,2548011,1745,1,0.00,2548011,0,cnyes.com
3637290511,1747836670,68524904775,enabled, --,4000000,cpc,0,0,38,0,0.00,0,0,mobileapp::2-org.amotv.videolive
3637290511,1747836670,68524904775,enabled, --,4000000,cpc,0,0,367,0,0.00,0,0,read01.com
3637290511,1747836670,68524904775,enabled, --,4000000,cpc,0,0,5,0,0.00,0,0,findrate.tw
3637290511,1747836670,68524904775,enabled, --,4000000,cpc,0,0,35,0,0.00,0,0,mingyanjiaju.org
3637290511,1747836670,68524904775,enabled, --,4000000,cpc,0,0,10,0,0.00,0,0,tainanlohas.cc
3637290511,1747836670,68524904775,enabled, --,4000000,cpc,0,0,31,0,0.00,0,0,keketravel.cc
3637290511,1747836670,68524904775,enabled, --,4000000,cpc,2019577,2019577,18,1,0.00,2019577,0,moosasa.com.tw
3637290511,1747836670,68524904775,enabled, --,4000000,cpc,0,0,26,0,0.00,0,0,ctee.com.tw
3637290511,1747836670,68524904775,enabled, --,4000000,cpc,11917088,2979272,98,4,0.00,2979272,0,deemgame.com
3637290511,1747836670,68524904775,enabled, --,4000000,cpc,0,0,32,0,0.00,0,0,knowledger.info
3637290511,1747836670,68524904775,enabled, --,4000000,cpc,0,0,193,0,0.00,0,0,fengyuncai.com
3637290511,1747836670,68524904775,enabled, --,4000000,cpc,9252269,3084090,2018,3,0.00,3084090,0,cherry123.com
3637290511,1747836670,68524904775,enabled, --,4000000,cpc,0,0,10,0,0.00,0,0,orange01.online
3637290511,1747836670,68524904775,enabled, --,4000000,cpc,0,0,6,0,0.00,0,0,unzbw.com
3637290511,1747836670,68524904775,enabled, --,4000000,cpc,0,0,13,0,0.00,0,0,peing.net
3637290511,1747836670,68524904775,enabled, --,4000000,cpc,0,0,62,0,0.00,0,0,inoovel.com
3637290511,1747836670,68524904775,enabled, --,4000000,cpc,0,0,5,0,0.00,0,0,healthyshare.life
3637290511,1747836670,68524904775,enabled, --,4000000,cpc,17985681,2569383,3941,7,0.00,2569383,0,dramaq.de
3637290511,1747836670,68524904775,enabled, --,4000000,cpc,0,0,0,0,0.00,0,0,biga.com.tw
3637290511,1747836670,68524904775,enabled, --,4000000,cpc,0,0,0,0,0.00,0,0,babyonea.co
3637290511,1747836670,68524904775,enabled, --,4000000,cpc,14145740,3536435,925,4,0.00,3536435,0,"Mobile App: 蘋果新聞網 (iTunes App Store), by Next Mobile Limited"
3637290511,1747836670,68524904775,enabled, --,4000000,cpc,0,0,27,0,0.00,0,0,mobileapp::2-com.animation.icomic.website
3637290511,1747836670,68524904775,enabled, --,4000000,cpc,60507796,3559282,3677,17,2.00,3559282,30253898,pixnet.net
3637290511,1747836670,68524904775,enabled, --,4000000,cpc,5262853,2631427,217,2,0.00,2631427,0,"Mobile App: Talking Tom Cat (Google Play), by Outfit7 Limited"
3637290511,1747836670,68524904775,enabled, --,4000000,cpc,0,0,157,0,0.00,0,0,itestquiz.com
3637290511,1747836670,68524904775,enabled, --,4000000,cpc,0,0,7,0,0.00,0,0,taiwan1314.com
3637290511,1747836670,68524904775,enabled, --,4000000,cpc,0,0,106,0,0.00,0,0,healthylives.tw
3637290511,1747836670,68524904775,enabled, --,4000000,cpc,0,0,41,0,0.00,0,0,technews.tw
3637290511,1747836670,68524904775,enabled, --,4000000,cpc,0,0,15,0,0.00,0,0,hojenjen.com
3637290511,1747836670,68524904775,enabled, --,4000000,cpc,0,0,6,0,0.00,0,0,cactusss.com
3637290511,1747836670,68524904775,enabled, --,4000000,cpc,4084323,2042162,90,2,0.00,2042162,0,"Mobile App: Bubble Shoot Pet (Google Play), by DroidHen"
3637290511,1747836670,68524904775,enabled, --,4000000,cpc,0,0,21,0,0.00,0,0,womany.net
3637290511,1747836670,68524904775,enabled, --,4000000,cpc,2730056,2730056,29,1,0.00,2730056,0,qidian.com.tw
3637290511,1747836670,68524904775,enabled, --,4000000,cpc,0,0,6,0,0.00,0,0,mianfeixiaoshuoyueduwang.com
3637290511,1747836670,68524904775,enabled, --,4000000,cpc,0,0,841,0,0.00,0,0,disp.cc
3637290511,1747836670,68524904775,enabled, --,4000000,cpc,6264732,3132366,1130,2,0.00,3132366,0,"Mobile App: 鐵路訂票機 (iTunes App Store), by ccyo"
3637290511,1747836670,68524904775,enabled, --,4000000,cpc,0,0,33,0,0.00,0,0,69shu.net
3637290511,1747836670,68524904775,enabled, --,4000000,cpc,0,0,335,0,0.00,0,0,quanwenyuedu.io
3637290511,1747836670,68524904775,enabled, --,4000000,cpc,0,0,34,0,0.00,0,0,fatew.com
3637290511,1747836670,68524904775,enabled, --,4000000,cpc,2863205,2863205,190,1,0.00,2863205,0,mojim.com
3637290511,1747836670,68524904775,enabled, --,4000000,cpc,331464363,3348125,70577,99,0.00,3348125,0,anonymous.google
3637290511,1747836670,68524904775,enabled, --,4000000,cpc,2481919,2481919,1,1,0.00,2481919,0,mobileapp::2-com.android.ste2048
3637290511,1747836670,68524904775,enabled, --,4000000,cpc,0,0,0,0,0.00,0,0,aastocks.com
3637290511,1747836670,68524904775,enabled, --,4000000,cpc,0,0,0,0,0.00,0,0,198mov.com
3637290511,1747836670,68524904775,enabled, --,4000000,cpc,0,0,0,0,0.00,0,0,babyhome.com.tw
3637290511,1747836670,68524904775,enabled, --,4000000,cpc,6208299,2069433,266,3,0.00,2069433,0,"Mobile App: Bubble Shooter (Google Play), by Bubble Shooter スタジオ"
3637290511,1747836670,68524904775,enabled, --,4000000,cpc,0,0,91,0,0.00,0,0,flxdaily.com
3637290511,1747836670,68524904775,enabled, --,4000000,cpc,3092018,3092018,2,1,0.00,3092018,0,"Mobile App: 早报 (Google Play), by Singapore Press Holdings"
3637290511,1747836670,68524904775,enabled, --,4000000,cpc,26840529,3355066,7989,8,0.00,3355066,0,novel101.com
3637290511,1747836670,68524904775,enabled, --,4000000,cpc,6741627,3370814,47,2,0.00,3370814,0,parkerbaike.net
3637290511,1747836670,68524904775,enabled, --,4000000,cpc,0,0,26,0,0.00,0,0,team.surf
3637290511,1747836670,68524904775,enabled, --,4000000,cpc,0,0,311,0,0.00,0,0,cheers.com.tw
3637290511,1747836670,68524904775,enabled, --,4000000,cpc,10667132,3555711,847,3,0.00,3555711,0,nytimes.com
3637290511,1747836670,68524904775,enabled, --,4000000,cpc,0,0,61,0,0.00,0,0,fanaystart.com
3637290511,1747836670,68524904775,enabled, --,4000000,cpc,0,0,102,0,0.00,0,0,myav.com.tw
3637290511,1747836670,68524904775,enabled, --,4000000,cpc,0,0,324,0,0.00,0,0,fbs.one
3637290511,1747836670,68524904775,enabled, --,4000000,cpc,0,0,43,0,0.00,0,0,lovedayfy.com
3637290511,1747836670,68524904775,enabled, --,4000000,cpc,0,0,5,0,0.00,0,0,coachinga01.com
3637290511,1747836670,68524904775,enabled, --,4000000,cpc,0,0,6,0,0.00,0,0,kelulu.club
3637290511,1747836670,68524904775,enabled, --,4000000,cpc,0,0,10,0,0.00,0,0,pokemonhubs.com
3637290511,1747836670,68524904775,enabled, --,4000000,cpc,0,0,26,0,0.00,0,0,goldlegend.com
3637290511,1747836670,68524904775,enabled, --,4000000,cpc,0,0,96,0,0.00,0,0,zizaidu.com
3637290511,1747836670,68524904775,enabled, --,4000000,cpc,0,0,18,0,0.00,0,0,bookscool.com
3637290511,1747836670,68524904775,enabled, --,4000000,cpc,0,0,6,0,0.00,0,0,"Mobile App: 象棋半盤 (iTunes App Store), by Evan Chen"
3637290511,1747836670,68524904775,enabled, --,4000000,cpc,0,0,11,0,0.00,0,0,pcdvd.com.tw
3637290511,1747836670,68524904775,enabled, --,4000000,cpc,0,0,6,0,0.00,0,0,girlsch.site
3637290511,1747836670,68524904775,enabled, --,4000000,cpc,0,0,114,0,0.00,0,0,starryeagle.com
3637290511,1747836670,68524904775,enabled, --,4000000,cpc,0,0,6,0,0.00,0,0,kenji.life
3637290511,1747836670,68524904775,enabled, --,4000000,cpc,0,0,48,0,0.00,0,0,sunnylife.tw
3637290511,1747836670,68524904775,enabled, --,4000000,cpc,0,0,26,0,0.00,0,0,ximizi.com
3637290511,1747836670,68524904775,enabled, --,4000000,cpc,0,0,13,0,0.00,0,0,timmyblog.cc
3637290511,1747836670,68524904775,enabled, --,4000000,cpc,0,0,193,0,0.00,0,0,ballgametime.com
3637290511,1747836670,68524904775,enabled, --,4000000,cpc,0,0,5,0,0.00,0,0,"Mobile App: color balls - free game makes you smarter. (Google Play), by Chao Lee"
3637290511,1747836670,68524904775,enabled, --,4000000,cpc,0,0,258,0,0.00,0,0,golla.tw
3637290511,1747836670,68524904775,enabled, --,4000000,cpc,0,0,31,0,0.00,0,0,hinet.net
3637290511,1747836670,68524904775,enabled, --,4000000,cpc,0,0,6,0,0.00,0,0,sftaiwan.org
3637290511,1747836670,68524904775,enabled, --,4000000,cpc,0,0,5,0,0.00,0,0,pttweb.com
3637290511,1747836670,68524904775,enabled, --,4000000,cpc,7695865,3847933,4467,2,0.00,3847933,0,tvbs.com.tw
3637290511,1747836670,68524904775,enabled, --,4000000,cpc,0,0,6,0,0.00,0,0,"Mobile App: Sweet Candy Bomb (Google Play), by Mobileguru"
3637290511,1747836670,68524904775,enabled, --,4000000,cpc,3792648,3792648,2,1,0.00,3792648,0,"Mobile App: Jewels Star 2 (Google Play), by ITREEGAMER"
3637290511,1747836670,68524904775,enabled, --,4000000,cpc,10805455,2701364,752,4,0.00,2701364,0,"Mobile App: Bubble Shooter (Google Play), by Bubble Shooter"
3637290511,1747836670,68524904775,enabled, --,4000000,cpc,0,0,21,0,0.00,0,0,"Mobile App: Pop Star 2017 (Google Play), by Classic Block For Free"
3637290511,1747836670,68524904775,enabled, --,4000000,cpc,0,0,14,0,0.00,0,0,71xq.com
3637290511,1747836670,68524904775,enabled, --,4000000,cpc,0,0,5,0,0.00,0,0,supportdap.online
3637290511,1747836670,68524904775,enabled, --,4000000,cpc,0,0,22,0,0.00,0,0,"Mobile App: 桃園搭公車 - 桃園、中壢公車即時動態時刻表查詢 (Google Play), by Jie App"
3637290511,1747836670,68524904775,enabled, --,4000000,cpc,18934569,2704938,2934,7,0.00,2704938,0,buzzlife.com.tw
3637290511,1747836670,68524904775,enabled, --,4000000,cpc,1762706,1762706,1,1,0.00,1762706,0,yellowcorner.info
3637290511,1747836670,68524904775,enabled, --,4000000,cpc,0,0,32,0,0.00,0,0,sotanfun.com
3637290511,1747836670,68524904775,enabled, --,4000000,cpc,0,0,52,0,0.00,0,0,fandom.com
3637290511,1747836670,68524904775,enabled, --,4000000,cpc,491922,491922,11,1,0.00,491922,0,"Mobile App: EAT FRUIT Link Link (FREE) (Google Play), by siqi"
3637290511,1747836670,68524904775,enabled, --,4000000,cpc,0,0,60,0,0.00,0,0,motor1.com
3637290511,1747836670,68524904775,enabled, --,4000000,cpc,5997265,2998633,4820,2,0.00,2998633,0,mingzw.net
3637290511,1747836670,68524904775,enabled, --,4000000,cpc,3977377,3977377,122,1,0.00,3977377,0,"Mobile App: 台灣公車通 (台北/桃園/台中/台南/高雄公車) (Google Play), by skystar"
3637290511,1747836670,68524904775,enabled, --,4000000,cpc,0,0,6,0,0.00,0,0,"Mobile App: 台北搭公車 - 雙北公車與公路客運即時動態時刻表查詢 (Google Play), by Jie App"
3637290511,1747836670,68524904775,enabled, --,4000000,cpc,0,0,68,0,0.00,0,0,"Mobile App: My Talking Tom 2 (Google Play), by Outfit7 Limited"
3637290511,1747836670,68524904775,enabled, --,4000000,cpc,3462031,3462031,1,1,0.00,3462031,0,snoopyblog.com
3637290511,1747836670,68524904775,enabled, --,4000000,cpc,6938761,3469381,320,2,0.00,3469381,0,17moveon.com
3637290511,1747836670,68524904775,enabled, --,4000000,cpc,7878366,3939183,1802,2,0.00,3939183,0,niotv.com
3637290511,1747836670,68524904775,enabled, --,4000000,cpc,0,0,11,0,0.00,0,0,walkerland.com.tw
3637290511,1747836670,68524904775,enabled, --,4000000,cpc,2719114,2719114,15,1,0.00,2719114,0,amonblog.com
3637290511,1747836670,68524904775,enabled, --,4000000,cpc,13456425,3364106,4415,4,0.00,3364106,0,ltn.com.tw
3637290511,1747836670,68524904775,enabled, --,4000000,cpc,0,0,62,0,0.00,0,0,pixpo.net
3637290511,1747836670,68524904775,enabled, --,4000000,cpc,0,0,6,0,0.00,0,0,piee.pw
3637290511,1747836670,68524904775,enabled, --,4000000,cpc,2639154,2639154,1,1,0.00,2639154,0,lookforward.cc
3637290511,1747836670,68524904775,enabled, --,4000000,cpc,2793230,1396615,73,2,0.00,1396615,0,happytw.net
3637290511,1747836670,68524904775,enabled, --,4000000,cpc,0,0,76,0,0.00,0,0,getez.info
3637290511,1747836670,68524904775,enabled, --,4000000,cpc,0,0,56,0,0.00,0,0,pioneerwe.com
3637290511,1747836670,68524904775,enabled, --,4000000,cpc,3487557,3487557,973,1,0.00,3487557,0,homedishesso.com
3637290511,1747836670,68524904775,enabled, --,4000000,cpc,0,0,215,0,0.00,0,0,fbuon.com
3637290511,1747836670,68524904775,enabled, --,4000000,cpc,0,0,20,0,0.00,0,0,gwan.tw
3637290511,1747836670,68524904775,enabled, --,4000000,cpc,0,0,101,0,0.00,0,0,yqxs.net
3637290511,1747836670,68524904775,enabled, --,4000000,cpc,0,0,5,0,0.00,0,0,comicbook.hk
3637290511,1747836670,68524904775,enabled, --,4000000,cpc,0,0,24,0,0.00,0,0,"Mobile App: Candy Witch - Match 3 Puzzle Free Games (Google Play), by gameone"
3637290511,1747836670,68524904775,enabled, --,4000000,cpc,0,0,21,0,0.00,0,0,"Mobile App: Slidey®: Block Puzzle (Google Play), by Habby"
3637290511,1747836670,68524904775,enabled, --,4000000,cpc,0,0,6,0,0.00,0,0,"Mobile App: HsinChu Bus Timetable (Google Play), by Goder Hsu"
3637290511,1747836670,68524904775,enabled, --,4000000,cpc,0,0,6,0,0.00,0,0,"Mobile App: Snaker.io ! (iTunes App Store), by Voodoo"
3637290511,1747836670,68524904775,enabled, --,4000000,cpc,0,0,767,0,0.00,0,0,zwxiaoshuo.com
3637290511,1747836670,68524904775,enabled, --,4000000,cpc,0,0,63,0,0.00,0,0,100lucky.net
3637290511,1747836670,68524904775,enabled, --,4000000,cpc,0,0,63,0,0.00,0,0,nanai.tw
3637290511,1747836670,68524904775,enabled, --,4000000,cpc,0,0,5,0,0.00,0,0,bring-you.info
3637290511,1747836670,68524904775,enabled, --,4000000,cpc,0,0,6,0,0.00,0,0,"Mobile App: Giant Turnip Game (Google Play), by UNITED, Inc."
3637290511,1747836670,68524904775,enabled, --,4000000,cpc,0,0,129,0,0.00,0,0,coco01.today
3637290511,1747836670,68524904775,enabled, --,4000000,cpc,0,0,6,0,0.00,0,0,fanfiction.net
3637290511,1747836670,68524904775,enabled, --,4000000,cpc,7136875,3568438,346,2,0.00,3568438,0,"Mobile App: 台鐵訂票通 - 火車時刻表搶票快手 (Google Play), by Jie App"
3637290511,1747836670,68524904775,enabled, --,4000000,cpc,2685251,2685251,720,1,0.00,2685251,0,hapropeesy.com
3637290511,1747836670,68524904775,enabled, --,4000000,cpc,0,0,16,0,0.00,0,0,changepw.com
3637290511,1747836670,68524904775,enabled, --,4000000,cpc,0,0,232,0,0.00,0,0,invoices.com.tw
3637290511,1747836670,68524904775,enabled, --,4000000,cpc,0,0,7,0,0.00,0,0,harpersbazaar.com
3637290511,1747836670,68524904775,enabled, --,4000000,cpc,6572855,3286428,101,2,0.00,3286428,0,"Mobile App: JewelKing (Google Play), by TAP GAMES"
3637290511,1747836670,68524904775,enabled, --,4000000,cpc,0,0,0,0,0.00,0,0,arclink.com.tw
3637290511,1747836670,68524904775,enabled, --,4000000,cpc,21466804,3066686,2659,7,0.00,3066686,0,twgreatdaily.life
3637290511,1747836670,68524904775,enabled, --,4000000,cpc,3844043,3844043,110,1,0.00,3844043,0,lookforward.info
3637290511,1747836670,68524904775,enabled, --,4000000,cpc,0,0,1140,0,0.00,0,0,parenting.com.tw
3637290511,1747836670,68524904775,enabled, --,4000000,cpc,2073890,2073890,2,1,0.00,2073890,0,mobileapp::2-com.heaven.app.number.one
3637290511,1747836670,68524904775,enabled, --,4000000,cpc,0,0,11,0,0.00,0,0,tambayun.com
3637290511,1747836670,68524904775,enabled, --,4000000,cpc,7305587,3652794,2,2,0.00,3652794,0,"Mobile App: Talking Tom Jetski 2 (Google Play), by Outfit7 Limited"
3637290511,1747836670,68524904775,enabled, --,4000000,cpc,0,0,10,0,0.00,0,0,bobo01.com
3637290511,1747836670,68524904775,enabled, --,4000000,cpc,0,0,433,0,0.00,0,0,stockq.org
3637290511,1747836670,68524904775,enabled, --,4000000,cpc,0,0,19,0,0.00,0,0,espn.com
3637290511,1747836670,68524904775,enabled, --,4000000,cpc,0,0,5,0,0.00,0,0,tonyhuang39.com
3637290511,1747836670,68524904775,enabled, --,4000000,cpc,0,0,6,0,0.00,0,0,moneynet.com.tw
3637290511,1747836670,68524904775,enabled, --,4000000,cpc,4952319,2476160,9,2,0.00,2476160,0,"Mobile App: Monster pop pet: match 3 (Google Play), by Monster Pet game"
3637290511,1747836670,68524904775,enabled, --,4000000,cpc,6316817,3158409,861,2,0.00,3158409,0,cmoney.tw
3637290511,1747836670,68524904775,enabled, --,4000000,cpc,0,0,6,0,0.00,0,0,fun8.us
3637290511,1747836670,68524904775,enabled, --,4000000,cpc,0,0,8,0,0.00,0,0,storm.mg
3637290511,1747836670,68524904775,enabled, --,4000000,cpc,0,0,35,0,0.00,0,0,vivawei.tw
3637290511,1747836670,68524904775,enabled, --,4000000,cpc,0,0,39,0,0.00,0,0,israelmega.com
3637290511,1747836670,68524904775,enabled, --,4000000,cpc,3875470,3875470,80,1,0.00,3875470,0,upmedia.mg
3637290511,1747836670,68524904775,enabled, --,4000000,cpc,0,0,711,0,0.00,0,0,kannewscast.com
3637290511,1747836670,68524904775,enabled, --,4000000,cpc,0,0,5,0,0.00,0,0,"Mobile App: Birdpapa™️ - Bubble Crush (Google Play), by Fun Free Fun"
3637290511,1747836670,68524904775,enabled, --,4000000,cpc,0,0,53,0,0.00,0,0,littlestar.com.tw
3637290511,1747836670,68524904775,enabled, --,4000000,cpc,3717670,3717670,359,1,0.00,3717670,0,taiwan17go.com
3637290511,1747836670,68524904775,enabled, --,4000000,cpc,0,0,5,0,0.00,0,0,tneflower.com
3637290511,1747836670,68524904775,enabled, --,4000000,cpc,0,0,35,0,0.00,0,0,niniandblue.com
3637290511,1747836670,68524904775,enabled, --,4000000,cpc,0,0,193,0,0.00,0,0,"Mobile App: Taichung Bus (Real-time) (Google Play), by skystar"
3637290511,1747836670,68524904775,enabled, --,4000000,cpc,3703349,3703349,15,1,0.00,3703349,0,"Mobile App: ShotZombie (Google Play), by （株）面白革命capsule+"
3637290511,1747836670,68524904775,enabled, --,4000000,cpc,0,0,33,0,0.00,0,0,ipub.fun
3637290511,1747836670,68524904775,enabled, --,4000000,cpc,0,0,8,0,0.00,0,0,imtopsales.com
3637290511,1747836670,68524904775,enabled, --,4000000,cpc,7754289,2584763,1546,3,0.00,2584763,0,happydecastle.com
3637290511,1747836670,68524904775,enabled, --,4000000,cpc,7292558,3646279,1590,2,0.00,3646279,0,162mov.com
3637290511,1747836670,68524904775,enabled, --,4000000,cpc,0,0,75,0,0.00,0,0,"Mobile App: Color Rings Puzzle (Google Play), by Fun Free Fun"
3637290511,1747836670,68524904775,enabled, --,4000000,cpc,7478766,3739383,239,2,0.00,3739383,0,backpackers.com.tw
3637290511,1747836670,68524904775,enabled, --,4000000,cpc,0,0,19,0,0.00,0,0,"Mobile App: Dragon Gem (Google Play), by ITREEGAMER"
3637290511,1747836670,68524904775,enabled, --,4000000,cpc,0,0,5,0,0.00,0,0,match.com
3637290511,1747836670,68524904775,enabled, --,4000000,cpc,0,0,1681,0,0.00,0,0,histock.tw
3637290511,1747836670,68524904775,enabled, --,4000000,cpc,0,0,72,0,0.00,0,0,lookerpets.com
3637290511,1747836670,68524904775,enabled, --,4000000,cpc,0,0,13,0,0.00,0,0,travelblog.tw
3637290511,1747836670,68524904775,enabled, --,4000000,cpc,3491576,3491576,1079,1,0.00,3491576,0,fxnzw.com
3637290511,1747836670,68524904775,enabled, --,4000000,cpc,0,0,61,0,0.00,0,0,u-car.com.tw
3637290511,1747836670,68524904775,enabled, --,4000000,cpc,3403091,3403091,1,1,0.00,3403091,0,girlsmood.com
3637290511,1747836670,68524904775,enabled, --,4000000,cpc,0,0,0,0,0.00,0,0,appspot.com
3637290511,1747836670,68524904775,enabled, --,4000000,cpc,0,0,0,0,0.00,0,0,18dao.net
3637290511,1747836670,68524904775,enabled, --,4000000,cpc,0,0,28,0,0.00,0,0,dm0520.com
3637290511,1747836670,68524904775,enabled, --,4000000,cpc,0,0,0,0,0.00,0,0,8book.com
3637290511,1747836670,68524904775,enabled, --,4000000,cpc,0,0,0,0,0.00,0,0,bc3ts.com
3637290511,1747836670,68524904775,enabled, --,4000000,cpc,4325392,2162696,1180,2,0.00,2162696,0,millionbook.net
3637290511,1747836670,68524904775,enabled, --,4000000,cpc,3339927,3339927,3,1,0.00,3339927,0,plala.or.jp
3637290511,1747836670,68524904775,enabled, --,4000000,cpc,0,0,29,0,0.00,0,0,cts.com.tw
3637290511,1747836670,68524904775,enabled, --,4000000,cpc,0,0,12,0,0.00,0,0,"Mobile App: Fruit Onet (Google Play), by match_three"
3637290511,1747836670,68524904775,enabled, --,4000000,cpc,3198137,3198137,9,1,0.00,3198137,0,"Mobile App: Fruit Bump (Google Play), by Twimler"
3637290511,1747836670,68524904775,enabled, --,4000000,cpc,0,0,64,0,0.00,0,0,isay.tw
3637290511,1747836670,68524904775,enabled, --,4000000,cpc,0,0,17,0,0.00,0,0,happypropies.com
3637290511,1747836670,68524904775,enabled, --,4000000,cpc,15866098,3966525,3255,4,0.00,3966525,0,yahoo.com
3637290511,1747836670,68524904775,enabled, --,4000000,cpc,0,0,12,0,0.00,0,0,likejapan.com
3637290511,1747836670,68524904775,enabled, --,4000000,cpc,0,0,228,0,0.00,0,0,comicgood.com
3637290511,1747836670,68524904775,enabled, --,4000000,cpc,0,0,33,0,0.00,0,0,"Mobile App: 享新聞 (Google Play), by Pop Gamer"
3637290511,1747836670,68524904775,enabled, --,4000000,cpc,0,0,838,0,0.00,0,0,mission-tw.com
3637290511,1747836670,68524904775,enabled, --,4000000,cpc,0,0,7,0,0.00,0,0,birthdaytalker.com
3637290511,1747836670,68524904775,enabled, --,4000000,cpc,0,0,13,0,0.00,0,0,"Mobile App: Candy Block (Google Play), by SG Technology"
3637290511,1747836670,68524904775,enabled, --,4000000,cpc,0,0,5,0,0.00,0,0,aishu5.cc
3637290511,1747836670,68524904775,enabled, --,4000000,cpc,0,0,70,0,0.00,0,0,kocpc.com.tw
3637290511,1747836670,68524904775,enabled, --,4000000,cpc,0,0,130,0,0.00,0,0,"Mobile App: BusTracker Taiwan (Google Play), by Yahoo奇摩"
3637290511,1747836670,68524904775,enabled, --,4000000,cpc,0,0,151,0,0.00,0,0,qilexs.com
3637290511,1747836670,68524904775,enabled, --,4000000,cpc,0,0,6,0,0.00,0,0,nextmag.com.tw
3637290511,1747836670,68524904775,enabled, --,4000000,cpc,0,0,25,0,0.00,0,0,"Mobile App: 基隆等公車 (Google Play), by Shawn You"
3637290511,1747836670,68524904775,enabled, --,4000000,cpc,0,0,6,0,0.00,0,0,"Mobile App: Bubble Wars (Google Play), by Modular Dreams Incorporated"
3637290511,1747836670,68524904775,enabled, --,4000000,cpc,53215019,2956390,3977,18,1.00,2956390,53215019,"Mobile App: udn News (iTunes App Store), by udn.com"
3637290511,1747836670,68524904775,enabled, --,4000000,cpc,0,0,130,0,0.00,0,0,mobileapp::2-com.icomic.animation.website
3637290511,1747836670,68524904775,enabled, --,4000000,cpc,6572803,2190934,518,3,0.00,2190934,0,"Mobile App: Shoot Bubble - Fruit Splash (Google Play), by 4 GAME STUDIO"
3637290511,1747836670,68524904775,enabled, --,4000000,cpc,0,0,5,0,0.00,0,0,"Mobile App: 八零电子书 - 海量全本小说离线阅读 (iTunes App Store), by chunying zhang"
3637290511,1747836670,68524904775,enabled, --,4000000,cpc,44171555,2944770,11863,15,0.00,2944770,0,haoyunmyt.com
3637290511,1747836670,68524904775,enabled, --,4000000,cpc,2677989,2677989,498,1,0.00,2677989,0,orgs.one
3637290511,1747836670,68524904775,enabled, --,4000000,cpc,7985994,2661998,33,3,0.00,2661998,0,mobileapp::2-org.amo.videolive
3637290511,1747836670,68524904775,enabled, --,4000000,cpc,0,0,29,0,0.00,0,0,annybear.com
3637290511,1747836670,68524904775,enabled, --,4000000,cpc,0,0,11,0,0.00,0,0,cof.tw
3637290511,1747836670,68524904775,enabled, --,4000000,cpc,0,0,82,0,0.00,0,0,"Mobile App: FindTaxi - Taxi Finder (Google Play), by Sleepnova, Inc."
3637290511,1747836670,68524904775,enabled, --,4000000,cpc,0,0,6,0,0.00,0,0,qwyd.net
3637290511,1747836670,68524904775,enabled, --,4000000,cpc,0,0,14,0,0.00,0,0,"Mobile App: 雙鐵時刻表(台鐵、高鐵、公車、轉乘、捷運) (Google Play), by Xavier Wu"
3637290511,1747836670,68524904775,enabled, --,4000000,cpc,0,0,33,0,0.00,0,0,life.tw
3637290511,1747836670,68524904775,enabled, --,4000000,cpc,0,0,194,0,0.00,0,0,tosapp.tw
3637290511,1747836670,68524904775,enabled, --,4000000,cpc,0,0,15,0,0.00,0,0,5bisheng.com
3637290511,1747836670,68524904775,enabled, --,4000000,cpc,3039310,3039310,212,1,0.00,3039310,0,japare.com
3637290511,1747836670,68524904775,enabled, --,4000000,cpc,0,0,5,0,0.00,0,0,cool3c.com
3637290511,1747836670,68524904775,enabled, --,4000000,cpc,0,0,33,0,0.00,0,0,"Mobile App: Fruit Block - Puzzle Legend (Google Play), by Legend Game Inc."
3637290511,1747836670,68524904775,enabled, --,4000000,cpc,0,0,60,0,0.00,0,0,168girl.com
3637290511,1747836670,68524904775,enabled, --,4000000,cpc,0,0,18,0,0.00,0,0,mamaclub.com
3637290511,1747836670,68524904775,enabled, --,4000000,cpc,2951976,2951976,3,1,0.00,2951976,0,"Mobile App: Witch Legend Pop (Google Play), by Gems Candy Candy"
3637290511,1747836670,68524904775,enabled, --,4000000,cpc,0,0,271,0,0.00,0,0,favourpets.com
3637290511,1747836670,68524904775,enabled, --,4000000,cpc,5656317,2828159,122,2,0.00,2828159,0,"Mobile App: Sugar POP - Sweet Puzzle Game (Google Play), by SUPERBOX.INC"
3637290511,1747836670,68524904775,enabled, --,4000000,cpc,0,0,122,0,0.00,0,0,ntdtv.com
3637290511,1747836670,68524904775,enabled, --,4000000,cpc,0,0,11,0,0.00,0,0,pingu.blog
3637290511,1747836670,68524904775,enabled, --,4000000,cpc,0,0,6,0,0.00,0,0,ikiwi.tw
3637290511,1747836670,68524904775,enabled, --,4000000,cpc,0,0,15,0,0.00,0,0,"Mobile App: Jewels Legend (Google Play), by ITREEGAMER"
3637290511,1747836670,68524904775,enabled, --,4000000,cpc,0,0,6,0,0.00,0,0,smile-eye.net
3637290511,1747836670,68524904775,enabled, --,4000000,cpc,0,0,34,0,0.00,0,0,luoxia.com
3637290511,1747836670,68524904775,enabled, --,4000000,cpc,17670239,2524320,1032,7,0.00,2524320,0,"Mobile App: Bubble Shooter (Google Play), by Candy Bubble Studio"
3637290511,1747836670,68524904775,enabled, --,4000000,cpc,0,0,18,0,0.00,0,0,"Mobile App: ACE HEADLINE (iTunes App Store), by Zhendong Cai"
3637290511,1747836670,68524904775,enabled, --,4000000,cpc,0,0,5,0,0.00,0,0,"Mobile App: Candy Heroes (Google Play), by Cookie Crush Games"
3637290511,1747836670,68524904775,enabled, --,4000000,cpc,0,0,142,0,0.00,0,0,reredispatch.com
3637290511,1747836670,68524904775,enabled, --,4000000,cpc,0,0,506,0,0.00,0,0,ek21.com
3637290511,1747836670,68524904775,enabled, --,4000000,cpc,2515235,2515235,87,1,0.00,2515235,0,rter.info
3637290511,1747836670,68524904775,enabled, --,4000000,cpc,0,0,20,0,0.00,0,0,2hyperlife.com
3637290511,1747836670,68524904775,enabled, --,4000000,cpc,0,0,6,0,0.00,0,0,lewen123.com
3637290511,1747836670,68524904775,enabled, --,4000000,cpc,0,0,65,0,0.00,0,0,"Mobile App: Fruit Puzzle - Link Line (Google Play), by Ms. Q"
3637290511,1747836670,68524904775,enabled, --,4000000,cpc,0,0,126,0,0.00,0,0,showsq.org
3637290511,1747836670,68524904775,enabled, --,4000000,cpc,0,0,51,0,0.00,0,0,worldjournal.com
3637290511,1747836670,68524904775,enabled, --,4000000,cpc,0,0,57,0,0.00,0,0,xsb.tw
3637290511,1747836670,68524904775,enabled, --,4000000,cpc,0,0,379,0,0.00,0,0,xklxsw.com
3637290511,1747836670,68524904775,enabled, --,4000000,cpc,3769075,3769075,106,1,0.00,3769075,0,go4134.com
3637290511,1747836670,68524904775,enabled, --,4000000,cpc,0,0,5,0,0.00,0,0,candicecity.com
3637290511,1747836670,68524904775,enabled, --,4000000,cpc,0,0,37,0,0.00,0,0,"Mobile App: Cookie Crush Legend (Google Play), by sweet fun puzzle game"
3637290511,1747836670,68524904775,enabled, --,4000000,cpc,0,0,11,0,0.00,0,0,mofang.com.tw
3637290511,1747836670,68524904775,enabled, --,4000000,cpc,0,0,87,0,0.00,0,0,moneydj.com
3637290511,1747836670,68524904775,enabled, --,4000000,cpc,1556713,1556713,4,1,0.00,1556713,0,bmw-event.cn
3637290511,1747836670,68524904775,enabled, --,4000000,cpc,0,0,6,0,0.00,0,0,lazyjapan.com
3637290511,1747836670,68524904775,enabled, --,4000000,cpc,3739943,3739943,173,1,0.00,3739943,0,koreastardaily.com
3637290511,1747836670,68524904775,enabled, --,4000000,cpc,0,0,12,0,0.00,0,0,egoldenyears.com
3637290511,1747836670,68524904775,enabled, --,4000000,cpc,3599434,1799717,2,2,0.00,1799717,0,"Mobile App: Fruit Cruise (Google Play), by Cosmo Game"
3637290511,1747836670,68524904775,enabled, --,4000000,cpc,0,0,91,0,0.00,0,0,"Mobile App: 樂頭條 讓閱讀更有價值 (Google Play), by LeNews"
3637290511,1747836670,68524904775,enabled, --,4000000,cpc,0,0,7,0,0.00,0,0,xsmn.me
3637290511,1747836670,68524904775,enabled, --,4000000,cpc,0,0,8,0,0.00,0,0,crush.ninja
3637290511,1747836670,68524904775,enabled, --,4000000,cpc,0,0,5,0,0.00,0,0,ifreesite.com
3637290511,1747836670,68524904775,enabled, --,4000000,cpc,0,0,106,0,0.00,0,0,mobileapp::2-co.darkwing.finaltube2
3637290511,1747836670,68524904775,enabled, --,4000000,cpc,0,0,18,0,0.00,0,0,mobileapp::2-com.webook.blue
3637290511,1747836670,68524904775,enabled, --,4000000,cpc,3869448,3869448,175,1,0.00,3869448,0,iquizuuu.com
3637290511,1747836670,68524904775,enabled, --,4000000,cpc,0,0,5,0,0.00,0,0,"Mobile App: Keelung Bus Timetable (Google Play), by Goder Hsu"
3637290511,1747836670,68524904775,enabled, --,4000000,cpc,27237920,3404740,3100,8,0.00,3404740,0,setn.com
3637290511,1747836670,68524904775,enabled, --,4000000,cpc,0,0,296,0,0.00,0,0,wuqingshui.com
3637290511,1747836670,68524904775,enabled, --,4000000,cpc,6777426,3388713,263,2,0.00,3388713,0,elle.com
3637290511,1747836670,68524904775,enabled, --,4000000,cpc,0,0,7,0,0.00,0,0,destiny.to
3637290511,1747836670,68524904775,enabled, --,4000000,cpc,3894825,3894825,102,1,0.00,3894825,0,twgreatdaily.com
3637290511,1747836670,68524904775,enabled, --,4000000,cpc,2136518,2136518,27,1,0.00,2136518,0,wesane.com
3637290511,1747836670,68524904775,enabled, --,4000000,cpc,2810055,2810055,12,1,2.00,2810055,1405028,mook.com.tw
3637290511,1747836670,68524904775,enabled, --,4000000,cpc,0,0,192,0,0.00,0,0,tenjo.tw
3637290511,1747836670,68524904775,enabled, --,4000000,cpc,28964631,3218292,1456,9,0.00,3218292,0,"Mobile App: 旺旺中時 (Google Play), by chinatimes"
3637290511,1747836670,68524904775,enabled, --,4000000,cpc,0,0,284,0,0.00,0,0,fnxsw.com
3637290511,1747836670,68524904775,enabled, --,4000000,cpc,0,0,5,0,0.00,0,0,uwants.com
3637290511,1747836670,68524904775,enabled, --,4000000,cpc,0,0,13,0,0.00,0,0,"Mobile App: My Talking Hank (Google Play), by Outfit7 Limited"
3637290511,1747836670,68524904775,enabled, --,4000000,cpc,2112938,2112938,1,1,0.00,2112938,0,mobileapp::2-com.android.running
3637290511,1747836670,68524904775,enabled, --,4000000,cpc,917540,917540,3,1,0.00,917540,0,"Mobile App: Shooter Bubble Pop Adventure (Google Play), by Bubble pop"
3637290511,1747836670,68524904775,enabled, --,4000000,cpc,7070994,2356998,112,3,0.00,2356998,0,"Mobile App: Bubble Shooter (Google Play), by retooldirox"
3637290511,1747836670,68524904775,enabled, --,4000000,cpc,13283072,2656614,3104,5,0.00,2656614,0,sunflyday.com
3637290511,1747836670,68524904775,enabled, --,4000000,cpc,8185597,2728532,900,3,0.00,2728532,0,buzzlife.info
3637290511,1747836670,68524904775,enabled, --,4000000,cpc,0,0,20,0,0.00,0,0,tisshuang.tw
3637290511,1747836670,68524904775,enabled, --,4000000,cpc,12422148,2484430,4095,5,0.00,2484430,0,upevreydaycom.com
3637290511,1747836670,68524904775,enabled, --,4000000,cpc,0,0,57,0,0.00,0,0,omgtw.com
3637290511,1747836670,68524904775,enabled, --,4000000,cpc,0,0,118,0,0.00,0,0,svu.com.tw
3637290511,1747836670,68524904775,enabled, --,4000000,cpc,16256925,2032116,756,8,0.00,2032116,0,"Mobile App: Bubble Shooter (Google Play), by Happy Dragon Inc."
3637290511,1747836670,68524904775,enabled, --,4000000,cpc,0,0,6,0,0.00,0,0,sharing88.life
3637290511,1747836670,68524904775,enabled, --,4000000,cpc,0,0,45,0,0.00,0,0,topnews8.com
3637290511,1747836670,68524904775,enabled, --,4000000,cpc,2206019,2206019,1084,1,0.00,2206019,0,foyuan.news
3637290511,1747836670,68524904775,enabled, --,4000000,cpc,109479437,3219983,13570,34,0.00,3219983,0,readthis.one
3637290511,1747836670,68524904775,enabled, --,4000000,cpc,0,0,19,0,0.00,0,0,"Mobile App: Bubble Worlds (Google Play), by Smoote Mobile"
3637290511,1747836670,68524904775,enabled, --,4000000,cpc,6811498,3405749,465,2,0.00,3405749,0,wantgoo.com
3637290511,1747836670,68524904775,enabled, --,4000000,cpc,0,0,24,0,0.00,0,0,moneyaaa.com
3637290511,1747836670,68524904775,enabled, --,4000000,cpc,0,0,124,0,0.00,0,0,zineblog.com.tw
3637290511,1747836670,68524904775,enabled, --,4000000,cpc,0,0,26,0,0.00,0,0,booksky.in
3637290511,1747836670,68524904775,enabled, --,4000000,cpc,3580784,3580784,38,1,0.00,3580784,0,cline1413.com.tw
3637290511,1747836670,68524904775,enabled, --,4000000,cpc,0,0,10,0,0.00,0,0,"Mobile App: 新加坡联合早报 (iTunes App Store), by Singapore Press Holdings"
3637290511,1747836670,68524904775,enabled, --,4000000,cpc,0,0,10,0,0.00,0,0,tvtw.live
3637290511,1747836670,68524904775,enabled, --,4000000,cpc,0,0,5,0,0.00,0,0,"Mobile App: KaoHsiung Bus Timetable (Google Play), by Goder Hsu"
3637290511,1747836670,68524904775,enabled, --,4000000,cpc,3340062,3340062,133,1,0.00,3340062,0,"Mobile App: My Home - Design Dreams (Google Play), by Zentertain"
3637290511,1747836670,68524904775,enabled, --,4000000,cpc,621327,621327,263,1,0.00,621327,0,"Mobile App: PopStar! (Google Play), by ZPLAY Games"
3637290511,1747836670,68524904775,enabled, --,4000000,cpc,2140607,2140607,3,1,0.00,2140607,0,"Mobile App: Cookie Bomb Crush (Google Play), by Dream Future"
3637290511,1747836670,68524904775,enabled, --,4000000,cpc,2930853,2930853,22,1,0.00,2930853,0,tripgotw.com
3637290511,1747836670,68524904775,enabled, --,4000000,cpc,2998960,2998960,6,1,0.00,2998960,0,funddiscover.com
3637290511,1747836670,68524904775,enabled, --,4000000,cpc,0,0,63,0,0.00,0,0,cindypark.cc
3637290511,1747836670,68524904775,enabled, --,4000000,cpc,3266139,3266139,348,1,0.00,3266139,0,mfxsydw.com
3637290511,1747836670,68524904775,enabled, --,4000000,cpc,3078466,3078466,1,1,0.00,3078466,0,yellow.place
3637290511,1747836670,68524904775,enabled, --,4000000,cpc,0,0,25,0,0.00,0,0,319papago.idv.tw
3637290511,1747836670,68524904775,enabled, --,4000000,cpc,0,0,12,0,0.00,0,0,fun01.cc
3637290511,1747836670,68524904775,enabled, --,4000000,cpc,0,0,45,0,0.00,0,0,difeny.com
3637290511,1747836670,68524904775,enabled, --,4000000,cpc,0,0,26,0,0.00,0,0,game2.tw
3637290511,1747836670,68524904775,enabled, --,4000000,cpc,0,0,21,0,0.00,0,0,linetv.tw
3637290511,1747836670,68524904775,enabled, --,4000000,cpc,44397172,2959811,13858,15,0.00,2959811,0,sto.cx
3637290511,1747836670,68524904775,enabled, --,4000000,cpc,57851840,2892592,5819,20,0.00,2892592,0,beeper.live
3637290511,1747836670,68524904775,enabled, --,4000000,cpc,2742407,1371204,73,2,0.00,1371204,0,mobileapp::2-com.novelme.blue
3637290511,1747836670,68524904775,enabled, --,4000000,cpc,0,0,10,0,0.00,0,0,decing.tw
3637290511,1747836670,68524904775,enabled, --,4000000,cpc,0,0,433,0,0.00,0,0,peoplenews.tw
3637290511,1747836670,68524904775,enabled, --,4000000,cpc,0,0,25,0,0.00,0,0,nihenjiche.com
3637290511,1747836670,68524904775,enabled, --,4000000,cpc,0,0,798,0,0.00,0,0,cocomy.net
3637290511,1747836670,68524904775,enabled, --,4000000,cpc,0,0,203,0,0.00,0,0,icook.tw
3637290511,1747836670,68524904775,enabled, --,4000000,cpc,6307174,3153587,630,2,0.00,3153587,0,zzzscore.com
3637290511,1747836670,68524904775,enabled, --,4000000,cpc,0,0,55,0,0.00,0,0,dict.asia
3637290511,1747836670,68524904775,enabled, --,4000000,cpc,0,0,6,0,0.00,0,0,"Mobile App: Dog Sweetie Friends (Google Play), by Lonfun"
3637290511,1747836670,68524904775,enabled, --,4000000,cpc,3975412,3975412,1,1,0.00,3975412,0,busanfun.com
3637290511,1747836670,68524904775,enabled, --,4000000,cpc,3171162,3171162,40,1,0.00,3171162,0,ioxapp.com
3637290511,1747836670,68524904775,enabled, --,4000000,cpc,0,0,180,0,0.00,0,0,"Mobile App: Flightradar24 Flight Tracker (Google Play), by Flightradar24 AB"
3637290511,1747836670,68524904775,enabled, --,4000000,cpc,0,0,8,0,0.00,0,0,freehoro.net
3637290511,1747836670,68524904775,enabled, --,4000000,cpc,0,0,67,0,0.00,0,0,match.net.tw
3637290511,1747836670,68524904775,enabled, --,4000000,cpc,5708485,2854243,214,2,0.00,2854243,0,"Mobile App: 台灣蘋果日報 (Google Play), by Next Mobile Limited"
3637290511,1747836670,68524904775,enabled, --,4000000,cpc,37585280,3132107,6667,12,0.00,3132107,0,look543.com
3637290511,1747836670,68524904775,enabled, --,4000000,cpc,0,0,1813,0,0.00,0,0,bldaily.com
3637290511,1747836670,68524904775,enabled, --,4000000,cpc,6007126,3003563,72,2,0.00,3003563,0,orgs.press
3637290511,1747836670,68524904775,enabled, --,4000000,cpc,0,0,6,0,0.00,0,0,"Mobile App: 消消乐-2016免费下载单机连连看游戏大全,宠物水果连连看,女生益智儿童小游戏 (iTunes App Store), by huaxiu wang"
3637290511,1747836670,68524904775,enabled, --,4000000,cpc,0,0,21,0,0.00,0,0,taiwanlikes.com
3637290511,1747836670,68524904775,enabled, --,4000000,cpc,3249876,3249876,527,1,0.00,3249876,0,cpbl.com.tw
3637290511,1747836670,68524904775,enabled, --,4000000,cpc,0,0,164,0,0.00,0,0,nongli.info
3637290511,1747836670,68524904775,enabled, --,4000000,cpc,0,0,15,0,0.00,0,0,hey-apple.com
3637290511,1747836670,68524904775,enabled, --,4000000,cpc,0,0,43,0,0.00,0,0,nowreadeok.com
3637290511,1747836670,68524904775,enabled, --,4000000,cpc,0,0,17,0,0.00,0,0,cool-style.com.tw
3637290511,1747836670,68524904775,enabled, --,4000000,cpc,3074470,3074470,266,1,0.00,3074470,0,ifoodie.tw
3637290511,1747836670,68524904775,enabled, --,4000000,cpc,0,0,5,0,0.00,0,0,250sy.cc
3637290511,1747836670,68524904775,enabled, --,4000000,cpc,15769853,3153971,630,5,0.00,3153971,0,"Mobile App: Jewels Star (Google Play), by ITREEGAMER"
3637290511,1747836670,68524904775,enabled, --,4000000,cpc,0,0,28,0,0.00,0,0,qb5.io
3637290511,1747836670,68524904775,enabled, --,4000000,cpc,0,0,44,0,0.00,0,0,housefun.com.tw
3637290511,1747836670,68524904775,enabled, --,4000000,cpc,0,0,88,0,0.00,0,0,lottopro.com.tw
3637290511,1747836670,68524904775,enabled, --,4000000,cpc,6758965,3379483,1560,2,0.00,3379483,0,newtalk.tw
3637290511,1747836670,68524904775,enabled, --,4000000,cpc,7729394,3864697,706,2,0.00,3864697,0,goez3.com
3637290511,1747836670,68524904775,enabled, --,4000000,cpc,0,0,6,0,0.00,0,0,"Mobile App: Sweet Candy Forest (Google Play), by Yunbu Game Studio"
3637290511,1747836670,68524904775,enabled, --,4000000,cpc,3724079,3724079,13,1,0.00,3724079,0,theqoo.net
3637290511,1747836670,68524904775,enabled, --,4000000,cpc,0,0,40,0,0.00,0,0,businessweekly.com.tw
3637290511,1747836670,68524904775,enabled, --,4000000,cpc,0,0,6,0,0.00,0,0,"Mobile App: Brain game. Picture Match. (Google Play), by AlcamaSoft"
3637290511,1747836670,68524904775,enabled, --,4000000,cpc,0,0,20,0,0.00,0,0,seba.tw
3637290511,1747836670,68524904775,enabled, --,4000000,cpc,0,0,5,0,0.00,0,0,merit-times.com.tw
3637290511,1747836670,68524904775,enabled, --,4000000,cpc,5157358,2578679,320,2,0.00,2578679,0,"Mobile App: BusTracker Taipei (Google Play), by Yahoo奇摩"
3637290511,1747836670,68524904775,enabled, --,4000000,cpc,0,0,75,0,0.00,0,0,pttweb.tw
3637290511,1747836670,68524904775,enabled, --,4000000,cpc,0,0,161,0,0.00,0,0,itsfun.com.tw
3637290511,1747836670,68524904775,enabled, --,4000000,cpc,0,0,7,0,0.00,0,0,sodu.tw
3637290511,1747836670,68524904775,enabled, --,4000000,cpc,0,0,10,0,0.00,0,0,xinmedia.com
3637290511,1747836670,68524904775,enabled, --,4000000,cpc,0,0,8,0,0.00,0,0,ksfan.net
3637290511,1747836670,68524904775,enabled, --,4000000,cpc,0,0,47,0,0.00,0,0,tomchun.tw
3637290511,1747836670,68524904775,enabled, --,4000000,cpc,39283418,3273618,6928,12,0.00,3273618,0,"Mobile App: 自由時報 (Google Play), by 自由時報"
3637290511,1747836670,68524904775,enabled, --,4000000,cpc,0,0,41,0,0.00,0,0,cornerwonder.com
3637290511,1747836670,68524904775,enabled, --,4000000,cpc,0,0,13,0,0.00,0,0,grtimed.com
3637290511,1747836670,68524904775,enabled, --,4000000,cpc,0,0,19,0,0.00,0,0,fafa01.com
3637290511,1747836670,68524904775,enabled, --,4000000,cpc,0,0,5,0,0.00,0,0,venuslin.tw
3637290511,1747836670,68524904775,enabled, --,4000000,cpc,2206919,2206919,1,1,0.00,2206919,0,"Mobile App: Fruit Candy Bomb (Google Play), by Mobileguru"
3637290511,1747836670,68524904775,enabled, --,4000000,cpc,0,0,82,0,0.00,0,0,aniseblog.tw
3637290511,1747836670,68524904775,enabled, --,4000000,cpc,0,0,72,0,0.00,0,0,marbo.com.tw
3637290511,1747836670,68524904775,enabled, --,4000000,cpc,0,0,5,0,0.00,0,0,eprice.com.tw
3637290511,1747836670,68524904775,enabled, --,4000000,cpc,3322648,3322648,1,1,0.00,3322648,0,formosaking.com
3637290511,1747836670,68524904775,enabled, --,4000000,cpc,0,0,7,0,0.00,0,0,on.cc
3637290511,1747836670,68524904775,enabled, --,4000000,cpc,0,0,1404,0,0.00,0,0,"Mobile App: 免费言情小说书城 - 追书神器,每日更新 (iTunes App Store), by chunying zhang"
3637290511,1747836670,68524904775,enabled, --,4000000,cpc,0,0,12,0,0.00,0,0,krdrama.com
3637290511,1747836670,68524904775,enabled, --,4000000,cpc,0,0,13,0,0.00,0,0,secretchina.com
3637290511,1747836670,68524904775,enabled, --,4000000,cpc,0,0,5,0,0.00,0,0,travalearth.com
3637290511,1747836670,68524904775,enabled, --,4000000,cpc,3633926,3633926,174,1,0.00,3633926,0,lnka.tw
3637290511,1747836670,68524904775,enabled, --,4000000,cpc,7415084,3707542,1196,2,0.00,3707542,0,blogspot.com
3637290511,1747836670,68524904775,enabled, --,4000000,cpc,35054620,3186784,3697,11,0.00,3186784,0,uukanshu.com
3637290511,1747836670,68524904775,enabled, --,4000000,cpc,10301948,2575487,923,4,0.00,2575487,0,ezvivi3.com
3637290511,1747836670,68524904775,enabled, --,4000000,cpc,0,0,240,0,0.00,0,0,kortw.com
3637290511,1747836670,68524904775,enabled, --,4000000,cpc,0,0,19,0,0.00,0,0,storiesig.com
3637290511,1747836670,68524904775,enabled, --,4000000,cpc,0,0,13,0,0.00,0,0,ebcbuzz.com
3637290511,1747836670,68524904775,enabled, --,4000000,cpc,12843314,3210829,9170,4,0.00,3210829,0,hjwzw.com
3637290511,1747836670,68524904775,enabled, --,4000000,cpc,0,0,6,0,0.00,0,0,tianxilang.com
3637290511,1747836670,68524904775,enabled, --,4000000,cpc,0,0,5,0,0.00,0,0,iptv186.com
3637290511,1747836670,68524904775,enabled, --,4000000,cpc,3213180,3213180,1820,1,0.00,3213180,0,mobileapp::2-idv.wnr2
3637290511,1747836670,68524904775,enabled, --,4000000,cpc,0,0,545,0,0.00,0,0,nuptek.com
3637290511,1747836670,68524904775,enabled, --,4000000,cpc,2700609,2700609,20,1,0.00,2700609,0,ilife97.com
3637290511,1747836670,68524904775,enabled, --,4000000,cpc,3367436,3367436,1,1,0.00,3367436,0,mydowndown.com
3637290511,1747836670,68524904775,enabled, --,4000000,cpc,0,0,17,0,0.00,0,0,ncaa.com
3637290511,1747836670,68524904775,enabled, --,4000000,cpc,3452198,3452198,170,1,0.00,3452198,0,xiaoshuokan.com
3637290511,1747836670,68524904775,enabled, --,4000000,cpc,3380116,3380116,15,1,0.00,3380116,0,daigashare.com
3637290511,1747836670,68524904775,enabled, --,4000000,cpc,0,0,13,0,0.00,0,0,5432.tw
3637290511,1747836670,68524904775,enabled, --,4000000,cpc,0,0,101,0,0.00,0,0,tixcraft.com
3637290511,1747836670,68524904775,enabled, --,4000000,cpc,3606997,3606997,87,1,0.00,3606997,0,stars12.com
3637290511,1747836670,68524904775,enabled, --,4000000,cpc,3700358,3700358,85,1,0.00,3700358,0,sosoreade.com
3637290511,1747836670,68524904775,enabled, --,4000000,cpc,2894814,2894814,74,1,0.00,2894814,0,sharetify.com
3637290511,1747836670,68524904775,enabled, --,4000000,cpc,0,0,19,0,0.00,0,0,hkgolden.com
3637290511,1747836670,68524904775,enabled, --,4000000,cpc,7957419,2652473,758,3,0.00,2652473,0,dramaqq.com
3637290511,1747836670,68524904775,enabled, --,4000000,cpc,3998583,3998583,25,1,0.00,3998583,0,i-gamer.net
3637290511,1747836670,68524904775,enabled, --,4000000,cpc,5092818,2546409,52,2,0.00,2546409,0,"Mobile App: Garden Blossom Crush (Google Play), by Enjoy Your Games"
3637290511,1747836670,68524904775,enabled, --,4000000,cpc,2301789,2301789,1,1,0.00,2301789,0,bearlovefood.com
3637290511,1747836670,68524904775,enabled, --,4000000,cpc,10808477,3602826,3375,3,0.00,3602826,0,ampproject.org
3637290511,1747836670,68524904775,enabled, --,4000000,cpc,0,0,8,0,0.00,0,0,ruten.com.tw
3637290511,1747836670,68524904775,enabled, --,4000000,cpc,2070392,1035196,239,2,0.00,1035196,0,kanwatch.com
3637290511,1747836670,68524904775,enabled, --,4000000,cpc,0,0,0,0,0.00,0,0,2home.com.tw
3637290511,1747836670,68524904775,enabled, --,4000000,cpc,18573874,3714775,10383,5,0.00,3714775,0,zhsxs.com
3637290511,1747836670,68524904775,enabled, --,4000000,cpc,773849,773849,6,1,0.00,773849,0,"Mobile App: Line Tiles (Google Play), by YiQi Tap Technology Co., Ltd."
3637290511,1747836670,68524904775,enabled, --,4000000,cpc,0,0,5,0,0.00,0,0,udndata.com
3637290511,1747836670,68524904775,enabled, --,4000000,cpc,8358899,1393150,1243,6,0.00,1393150,0,ctitv.com.tw
3637290511,1747836670,68524904775,enabled, --,4000000,cpc,0,0,48,0,0.00,0,0,gogoblog.tw
3637290511,1747836670,68524904775,enabled, --,4000000,cpc,0,0,600,0,0.00,0,0,stargogo.com
3637290511,1747836670,68524904775,enabled, --,4000000,cpc,0,0,9,0,0.00,0,0,"Mobile App: 壹電視新聞 (Google Play), by Next TV Broadcasting Limited."
3637290511,1747836670,68524904775,enabled, --,4000000,cpc,0,0,112,0,0.00,0,0,newsancai.co
3637290511,1747836670,68524904775,enabled, --,4000000,cpc,0,0,47,0,0.00,0,0,"Mobile App: 風傳媒新聞 (iTunes App Store), by 風傳媒有限公司"
3637290511,1747836670,68524904775,enabled, --,4000000,cpc,0,0,5,0,0.00,0,0,taiwantour.info
3637290511,1747836670,68524904775,enabled, --,4000000,cpc,0,0,51,0,0.00,0,0,chinaqna.com
3637290511,1747836670,68524904775,enabled, --,4000000,cpc,2552360,2552360,574,1,0.00,2552360,0,healthtip.cc
3637290511,1747836670,68524904775,enabled, --,4000000,cpc,0,0,5,0,0.00,0,0,"Mobile App: 台灣壹週刊 (iTunes App Store), by Next Mobile Limited"
3637290511,1747836670,68524904775,enabled, --,4000000,cpc,3980646,3980646,64,1,0.00,3980646,0,allbeauty.com.tw
3637290511,1747836670,68524904775,enabled, --,4000000,cpc,0,0,6,0,0.00,0,0,frvr.com
3637290511,1747836670,68524904775,enabled, --,4000000,cpc,0,0,17,0,0.00,0,0,kakijun.com
3637290511,1747836670,68524904775,enabled, --,4000000,cpc,0,0,45,0,0.00,0,0,onlyeasylife.com
3637290511,1747836670,68524904775,enabled, --,4000000,cpc,0,0,6,0,0.00,0,0,"Mobile App: Onet Classic Deluxe: Free Onet Fruits Game (Google Play), by HDuo Fun Games"
3637290511,1747836670,68524904775,enabled, --,4000000,cpc,2811378,2811378,202,1,0.00,2811378,0,"Mobile App: Jewel Blast - Puzzle Legend (Google Play), by DG&G"
3637290511,1747836670,68524904775,enabled, --,4000000,cpc,47773928,2810231,4142,17,0.00,2810231,0,ezp9.com
3637290511,1747836670,68524904775,enabled, --,4000000,cpc,0,0,161,0,0.00,0,0,shareba.com
3637290511,1747836670,68524904775,enabled, --,4000000,cpc,0,0,11,0,0.00,0,0,"Mobile App: Gems Journey (Google Play), by Smoote Mobile"
3637290511,1747836670,68524904775,enabled, --,4000000,cpc,6883403,3441702,2,2,0.00,3441702,0,"Mobile App: Quick Brick (Google Play), by Just SW"
3637290511,1747836670,68524904775,enabled, --,4000000,cpc,0,0,33,0,0.00,0,0,xunlove.com
3637290511,1747836670,68524904775,enabled, --,4000000,cpc,102574511,3308855,29938,31,0.00,3308855,0,nownews.com
3637290511,1747836670,68524904775,enabled, --,4000000,cpc,1330009,1330009,2,1,0.00,1330009,0,baiyunpiaopiao.com
3637290511,1747836670,68524904775,enabled, --,4000000,cpc,0,0,5,0,0.00,0,0,jorudan.co.jp
3637290511,1747836670,68524904775,enabled, --,4000000,cpc,22553058,3221865,459,7,0.00,3221865,0,twbest1.com
3637290511,1747836670,68524904775,enabled, --,4000000,cpc,3854131,3854131,297,1,0.00,3854131,0,nellydyu.tw
3637290511,1747836670,68524904775,enabled, --,4000000,cpc,0,0,12,0,0.00,0,0,lujustar.com
3637290511,1747836670,68524904775,enabled, --,4000000,cpc,5183331,2591666,4141,2,0.00,2591666,0,"Mobile App: 神盾測速照相 (Google Play), by Aegis Studio"
3637290511,1747836670,68524904775,enabled, --,4000000,cpc,820488,820488,3,1,0.00,820488,0,"Mobile App: Coloring Fun : Color by Number Games (Google Play), by Solitaire Card Games Free"
3637290511,1747836670,68524904775,enabled, --,4000000,cpc,0,0,79,0,0.00,0,0,wealth.com.tw
3637290511,1747836670,68524904775,enabled, --,4000000,cpc,0,0,22,0,0.00,0,0,femmewetalk.com
3637290511,1747836670,68524904775,enabled, --,4000000,cpc,129399922,3317947,30499,39,2.00,3317947,64699961,udn.com
3637290511,1747836670,68524904775,enabled, --,4000000,cpc,0,0,13,0,0.00,0,0,baifumeiba.com
3637290511,1747836670,68524904775,enabled, --,4000000,cpc,0,0,154,0,0.00,0,0,myxs.net
3637290511,1747836670,68524904775,enabled, --,4000000,cpc,0,0,25,0,0.00,0,0,umtalk.net
3637290511,1747836670,68524904775,enabled, --,4000000,cpc,0,0,13,0,0.00,0,0,lovenewstv.com
3637290511,1747836670,68524904775,enabled, --,4000000,cpc,0,0,36,0,0.00,0,0,pinkupost.com
3637290511,1747836670,68524904775,enabled, --,4000000,cpc,0,0,11,0,0.00,0,0,"Mobile App: Bubble Breaker (Google Play), by Face Plus"
3637290511,1747836670,68524904775,enabled, --,4000000,cpc,0,0,97,0,0.00,0,0,fairylolita.com
3637290511,1747836670,68524904775,enabled, --,4000000,cpc,0,0,348,0,0.00,0,0,thenewslens.com
3637290511,1747836670,68524904775,enabled, --,4000000,cpc,0,0,0,0,0.00,0,0,17fafun.com
3637290511,1747836670,68524904775,enabled, --,4000000,cpc,0,0,0,0,0.00,0,0,book100.com
3637290511,1747836670,68524904775,enabled, --,4000000,cpc,0,0,6,0,0.00,0,0,cx100.online
3637290511,1747836670,68524904775,enabled, --,4000000,cpc,0,0,5,0,0.00,0,0,luxurywatcher.com
3637290511,1747836670,68524904775,enabled, --,4000000,cpc,0,0,6,0,0.00,0,0,"Mobile App: i68國道即時路況HD (Google Play), by TMS景翊科技"
3637290511,1747836670,68524904775,enabled, --,4000000,cpc,0,0,6,0,0.00,0,0,"Mobile App: Mom hid my lucky money - puzzle game (Google Play), by ABC escape games"
3637290511,1747836670,68524904775,enabled, --,4000000,cpc,0,0,71,0,0.00,0,0,"Mobile App: Bubble Shooter Puzzle (Google Play), by Bubble Shooter Games by Ilyon"
3637290511,1747836670,68524904775,enabled, --,4000000,cpc,2879947,2879947,1,1,0.00,2879947,0,"Mobile App: 娛樂星聞 (iTunes App Store), by Sanlih E-Television Co., Ltd."
3637290511,1747836670,68524904775,enabled, --,4000000,cpc,2684208,2684208,241,1,0.00,2684208,0,"Mobile App: 火車時刻表-台鐵時刻表 (Google Play), by TSUMII STUDIO"
3637290511,1747836670,68524904775,enabled, --,4000000,cpc,0,0,31,0,0.00,0,0,"Mobile App: KNY高速公路 (Google Play), by KNY"
3637290511,1747836670,68524904775,enabled, --,4000000,cpc,2464187,2464187,685,1,0.00,2464187,0,dongtw.com
3637290511,1747836670,68524904775,enabled, --,4000000,cpc,0,0,1122,0,0.00,0,0,quanben.io
3637290511,1747836670,68524904775,enabled, --,4000000,cpc,0,0,11,0,0.00,0,0,aikanxi.org
3637290511,1747836670,68524904775,enabled, --,4000000,cpc,0,0,45,0,0.00,0,0,ntdtv.com.tw
3637290511,1747836670,68524904775,enabled, --,4000000,cpc,2918764,2918764,2,1,0.00,2918764,0,"Mobile App: Jewels World (Google Play), by bigrenlu"
3637290511,1747836670,68524904775,enabled, --,4000000,cpc,3749928,3749928,5,1,0.00,3749928,0,boo2k.com
3637290511,1747836670,68524904775,enabled, --,4000000,cpc,0,0,36,0,0.00,0,0,pixiv.net
3637290511,1747836670,68524904775,enabled, --,4000000,cpc,0,0,51,0,0.00,0,0,englisher.info
3637290511,1747836670,68524904775,enabled, --,4000000,cpc,0,0,15,0,0.00,0,0,mable.tw
3637290511,1747836670,68524904775,enabled, --,4000000,cpc,0,0,44,0,0.00,0,0,popdaily.com.tw
3637290511,1747836670,68524904775,enabled, --,4000000,cpc,2949982,2949982,144,1,0.00,2949982,0,play01ground.com
3637290511,1747836670,68524904775,enabled, --,4000000,cpc,0,0,1785,0,0.00,0,0,cw.com.tw
3637290511,1747836670,68524904775,enabled, --,4000000,cpc,0,0,6,0,0.00,0,0,timliao.com
3637290511,1747836670,68524904775,enabled, --,4000000,cpc,0,0,76,0,0.00,0,0,goodinfo.tw
3637290511,1747836670,68524904775,enabled, --,4000000,cpc,0,0,16,0,0.00,0,0,plays01.com
3637290511,1747836670,68524904775,enabled, --,4000000,cpc,0,0,77,0,0.00,0,0,mobileapp::2-com.ixdzs.tw
3637290511,1747836670,68524904775,enabled, --,4000000,cpc,2398952,2398952,623,1,0.00,2398952,0,iamcookfan.com
3637290511,1747836670,68524904775,enabled, --,4000000,cpc,0,0,36,0,0.00,0,0,yoke918.com
3637290511,1747836670,68524904775,enabled, --,4000000,cpc,0,0,40,0,0.00,0,0,onepron.com
3637290511,1747836670,68524904775,enabled, --,4000000,cpc,0,0,5,0,0.00,0,0,xuehua.us
3637290511,1747836670,68524904775,enabled, --,4000000,cpc,6689942,3344971,538,2,0.00,3344971,0,mzsw123.com
3637290511,1747836670,68524904775,enabled, --,4000000,cpc,0,0,52,0,0.00,0,0,"Mobile App: Pets Link Link (Google Play), by liu xitang"
3637290511,1747836670,68524904775,enabled, --,4000000,cpc,3342162,3342162,342,1,0.00,3342162,0,coms.pub
3637290511,1747836670,68524904775,enabled, --,4000000,cpc,19602702,2450338,3903,8,0.00,2450338,0,gogodayday.com
3637290511,1747836670,68524904775,enabled, --,4000000,cpc,0,0,12,0,0.00,0,0,newworld1991.com
3637290511,1747836670,68524904775,enabled, --,4000000,cpc,0,0,38,0,0.00,0,0,dugushici.com
3637290511,1747836670,68524904775,enabled, --,4000000,cpc,0,0,15,0,0.00,0,0,vnexpress.net
3637290511,1747836670,68524904775,enabled, --,4000000,cpc,0,0,7,0,0.00,0,0,buzzorange.com
3637290511,1747836670,68524904775,enabled, --,4000000,cpc,0,0,22,0,0.00,0,0,bbbobo.com.tw
3637290511,1747836670,68524904775,enabled, --,4000000,cpc,0,0,15,0,0.00,0,0,toy-people.com
3637290511,1747836670,68524904775,enabled, --,4000000,cpc,7343277,2447759,246,3,0.00,2447759,0,baibai.com.tw
3637290511,1747836670,68524904775,enabled, --,4000000,cpc,0,0,6,0,0.00,0,0,gag1gag.com
3637290511,1747836670,68524904775,enabled, --,4000000,cpc,0,0,33,0,0.00,0,0,wfxs.tw
3637290511,1747836670,68524904775,enabled, --,4000000,cpc,0,0,180,0,0.00,0,0,bunnyann.com
3637290511,1747836670,68524904775,enabled, --,4000000,cpc,0,0,14,0,0.00,0,0,gamefan.cc
3637290511,1747836670,68524904775,enabled, --,4000000,cpc,0,0,1156,0,0.00,0,0,businesstoday.com.tw
3637290511,1747836670,68524904775,enabled, --,4000000,cpc,0,0,6,0,0.00,0,0,9gag.com
3637290511,1747836670,68524904775,enabled, --,4000000,cpc,0,0,98,0,0.00,0,0,lookernew.com
3637290511,1747836670,68524904775,enabled, --,4000000,cpc,21885131,3126447,3791,7,0.00,3126447,0,goez1.com
3637290511,1747836670,68524904775,enabled, --,4000000,cpc,0,0,31,0,0.00,0,0,ez01.info
3637290511,1747836670,68524904775,enabled, --,4000000,cpc,0,0,60,0,0.00,0,0,toments.com
3637290511,1747836670,68524904775,enabled, --,4000000,cpc,0,0,9,0,0.00,0,0,tacocity.com.tw
3637290511,1747836670,68524904775,enabled, --,4000000,cpc,0,0,30,0,0.00,0,0,"Mobile App: Twist Hit! (Google Play), by SayGames"
3637290511,1747836670,68524904775,enabled, --,4000000,cpc,0,0,5,0,0.00,0,0,doitwell.tw
3637290511,1747836670,68524904775,enabled, --,4000000,cpc,3015361,1507681,119,2,0.00,1507681,0,"Mobile App: Bubble Shooter (Google Play), by LIANweiwei"
3637290511,1747836670,68524904775,enabled, --,4000000,cpc,2594428,2594428,11,1,0.00,2594428,0,"Mobile App: Bubble Shooter Genies (Google Play), by PUZZLEJOY"
3637290511,1747836670,68524904775,enabled, --,4000000,cpc,1391579,1391579,4,1,0.00,1391579,0,yq4.net
3637290511,1747836670,68524904775,enabled, --,4000000,cpc,0,0,47,0,0.00,0,0,8s8s.net
3637290511,1747836670,68524904775,enabled, --,4000000,cpc,0,0,526,0,0.00,0,0,newsreadco.com
3637290511,1747836670,68524904775,enabled, --,4000000,cpc,0,0,6,0,0.00,0,0,mobileapp::2-com.solitaireapp.solitaire
3637290511,1747836670,68524904775,enabled, --,4000000,cpc,0,0,5,0,0.00,0,0,taiwanrate.org
3637290511,1747836670,68524904775,enabled, --,4000000,cpc,0,0,5,0,0.00,0,0,"Mobile App: Taipei Bus Timetable (Google Play), by Goder Hsu"
3637290511,1747836670,68524904775,enabled, --,4000000,cpc,1858868,1858868,327,1,1.00,1858868,1858868,bkfenxiang.com
3637290511,1747836670,68524904775,enabled, --,4000000,cpc,0,0,27,0,0.00,0,0,mstn.org
3637290511,1747836670,68524904775,enabled, --,4000000,cpc,0,0,26,0,0.00,0,0,chtoen.com
3637290511,1747836670,68524904775,enabled, --,4000000,cpc,0,0,9,0,0.00,0,0,tw117.com
3637290511,1747836670,68524904775,enabled, --,4000000,cpc,0,0,12,0,0.00,0,0,yam.com
3637290511,1747836670,68524904775,enabled, --,4000000,cpc,0,0,36,0,0.00,0,0,dacota.tw
3637290511,1747836670,68524904775,enabled, --,4000000,cpc,0,0,20,0,0.00,0,0,jumpman.tw
3637290511,1747836670,68524904775,enabled, --,4000000,cpc,0,0,15,0,0.00,0,0,tp.edu.tw
3637290511,1747836670,68524904775,enabled, --,4000000,cpc,0,0,114,0,0.00,0,0,lookit.tw
3637290511,1747836670,68524904775,enabled, --,4000000,cpc,0,0,5,0,0.00,0,0,ikachalife.com
3637290511,1747836670,68524904775,enabled, --,4000000,cpc,0,0,22,0,0.00,0,0,healthreaoo.com
3637290511,1747836670,68524904775,enabled, --,4000000,cpc,4230870,2115435,42,2,0.00,2115435,0,elsegame.com
3637290511,1747836670,68524904775,enabled, --,4000000,cpc,0,0,20,0,0.00,0,0,xs99.cc
3637290511,1747836670,68524904775,enabled, --,4000000,cpc,3655401,3655401,58,1,0.00,3655401,0,dailyanan.com
3637290511,1747836670,68524904775,enabled, --,4000000,cpc,0,0,8,0,0.00,0,0,94-tv.org
3637290511,1747836670,68524904775,enabled, --,4000000,cpc,0,0,17,0,0.00,0,0,ipetgroup.com
3637290511,1747836670,68524904775,enabled, --,4000000,cpc,3968917,3968917,923,1,0.00,3968917,0,mirrormedia.mg
3637290511,1747836670,68524904775,enabled, --,4000000,cpc,0,0,88,0,0.00,0,0,badoo.com
3637290511,1747836670,68524904775,enabled, --,4000000,cpc,0,0,65,0,0.00,0,0,"Mobile App: Farm Fruit Pop: Party Time (Google Play), by Blast Crush Game"
3637290511,1747836670,68524904775,enabled, --,4000000,cpc,0,0,5,0,0.00,0,0,nothingshare.com
3637290511,1747836670,68524904775,enabled, --,4000000,cpc,6574924,3287462,110,2,0.00,3287462,0,freehhhh.com
3637290511,1747836670,68524904775,enabled, --,4000000,cpc,1301506,1301506,345,1,0.00,1301506,0,dramas.biz
3637290511,1747836670,68524904775,enabled, --,4000000,cpc,0,0,11,0,0.00,0,0,atdeed.com
3637290511,1747836670,68524904775,enabled, --,4000000,cpc,3852241,3852241,218,1,0.00,3852241,0,pansci.asia
3637290511,1747836670,68524904775,enabled, --,4000000,cpc,0,0,5,0,0.00,0,0,wiki101.com.tw
3637290511,1747836670,68524904775,enabled, --,4000000,cpc,3838768,1919384,53,2,0.00,1919384,0,"Mobile App: Candy Legend (Google Play), by Candy Factory Game"
3637290511,1747836670,68524904775,enabled, --,4000000,cpc,7542192,3771096,49,2,0.00,3771096,0,nowlooker.com
3637290511,1747836670,68524904775,enabled, --,4000000,cpc,2853902,2853902,72,1,0.00,2853902,0,"Mobile App: Bubble Shooter Legend (Google Play), by Bubble Joy"
3637290511,1747836670,68524904775,enabled, --,4000000,cpc,0,0,56,0,0.00,0,0,medicalinspire.com
3637290511,1747836670,68524904775,enabled, --,4000000,cpc,3908545,3908545,122,1,0.00,3908545,0,epochtimes.com
3637290511,1747836670,68524904775,enabled, --,4000000,cpc,0,0,34,0,0.00,0,0,tournamentsoftware.com
3637290511,1747836670,68524904775,enabled, --,4000000,cpc,0,0,7,0,0.00,0,0,"Mobile App: Candies Legend (Google Play), by Smoote Mobile"
3637290511,1747836670,68524904775,enabled, --,4000000,cpc,0,0,15,0,0.00,0,0,buddhanet01.com
3637290511,1747836670,68524904775,enabled, --,4000000,cpc,0,0,983,0,0.00,0,0,dramasq.xyz
3637290511,1747836670,68524904775,enabled, --,4000000,cpc,0,0,43,0,0.00,0,0,mobileapp::2-com.d5.website
3637290511,1747836670,68524904775,enabled, --,4000000,cpc,2021897,2021897,260,1,0.00,2021897,0,wfxs.org
3637290511,1747836670,68524904775,enabled, --,4000000,cpc,0,0,6,0,0.00,0,0,bella.tw
3637290511,1747836670,68524904775,enabled, --,4000000,cpc,2689892,2689892,65,1,0.00,2689892,0,windada.com
3637290511,1747836670,68524904775,enabled, --,4000000,cpc,0,0,101,0,0.00,0,0,"Mobile App: Candy Pop Story (Google Play), by Gamoper"
3637290511,1747836670,68524904775,enabled, --,4000000,cpc,0,0,5,0,0.00,0,0,ilanmovie.com
3637290511,1747836670,68524904775,enabled, --,4000000,cpc,0,0,39,0,0.00,0,0,rainieis.tw
3637290511,1747836670,68524904775,enabled, --,4000000,cpc,2348470,2348470,428,1,0.00,2348470,0,"Mobile App: BusTracker Taichung (Google Play), by Yahoo奇摩"
3637290511,1747836670,68524904775,enabled, --,4000000,cpc,3997900,3997900,59,1,0.00,3997900,0,"Mobile App: PopStar 2019 (Google Play), by iSpace Game Studio"
3637290511,1747836670,68524904775,enabled, --,4000000,cpc,3702905,3702905,217,1,0.00,3702905,0,"Mobile App: Taiwan Railway Timetable (Google Play), by skystar"
3637290511,1747836670,68524904775,enabled, --,4000000,cpc,0,0,23,0,0.00,0,0,cyberon.com.tw
3637290511,1747836670,68524904775,enabled, --,4000000,cpc,0,0,79,0,0.00,0,0,sina.com.hk
3637290511,1747836670,68524904775,enabled, --,4000000,cpc,0,0,7,0,0.00,0,0,dorama.info
3637290511,1747836670,68524904775,enabled, --,4000000,cpc,0,0,62,0,0.00,0,0,yqxsy.com
3637290511,1747836670,68524904775,enabled, --,4000000,cpc,5768309,2884155,8960,2,0.00,2884155,0,quanben5.com
3637290511,1747836670,68524904775,enabled, --,4000000,cpc,0,0,33,0,0.00,0,0,weblio.jp
3637290511,1747836670,68524904775,enabled, --,4000000,cpc,0,0,7,0,0.00,0,0,"Mobile App: Twist Hit! (iTunes App Store), by SayGames LLC"
3637290511,1747836670,68524904775,enabled, --,4000000,cpc,0,0,5,0,0.00,0,0,twnextdigital.com
3637290511,1747836670,68524904775,enabled, --,4000000,cpc,0,0,43,0,0.00,0,0,"Mobile App: Jewel Crush™ - Jewels & Gems Match 3 Legend (Google Play), by Ivy"
3637290511,1747836670,68524904775,enabled, --,4000000,cpc,0,0,39,0,0.00,0,0,"Mobile App: Pou (Google Play), by Zakeh"
3637290511,1747836670,68524904775,enabled, --,4000000,cpc,5691212,2845606,1370,2,0.00,2845606,0,qdramas.info
3637290511,1747836670,68524904775,enabled, --,4000000,cpc,3128575,3128575,16,1,0.00,3128575,0,"Mobile App: Cookie Rush Match 3 (Google Play), by Match 3 Fun Games"
3637290511,1747836670,68524904775,enabled, --,4000000,cpc,0,0,15,0,0.00,0,0,yayabay.com
3637290511,1747836670,68524904775,enabled, --,4000000,cpc,4575763,2287882,595,2,0.00,2287882,0,qdramas.biz
3637290511,1747836670,68524904775,enabled, --,4000000,cpc,0,0,5,0,0.00,0,0,iccie.tw
3637290511,1747836670,68524904775,enabled, --,4000000,cpc,0,0,8,0,0.00,0,0,clickfate.com.tw
3637290511,1747836670,68524904775,enabled, --,4000000,cpc,0,0,32,0,0.00,0,0,cambridge.org
3637290511,1747836670,68524904775,enabled, --,4000000,cpc,2808120,2808120,69,1,0.00,2808120,0,geimian.com
3637290511,1747836670,68524904775,enabled, --,4000000,cpc,0,0,6,0,0.00,0,0,xingzuovip.com
3637290511,1747836670,68524904775,enabled, --,4000000,cpc,0,0,10,0,0.00,0,0,"Mobile App: Pop Cubes  - Toy Match 3 & Blast (Google Play), by Pop Star Games ⭐️"
3637290511,1747836670,68524904775,enabled, --,4000000,cpc,0,0,6,0,0.00,0,0,suzukihiro.tw
3637290511,1747836670,68524904775,enabled, --,4000000,cpc,8758948,2919649,157,3,0.00,2919649,0,fromgame.com
3637290511,1747836670,68524904775,enabled, --,4000000,cpc,0,0,0,0,0.00,0,0,auzonet.com
3637290511,1747836670,68524904775,enabled, --,4000000,cpc,0,0,27,0,0.00,0,0,zi.media
3637290511,1747836670,68524904775,enabled, --,4000000,cpc,0,0,0,0,0.00,0,0,accuweather.com
3637290511,1747836670,68524904775,enabled, --,4000000,cpc,0,0,0,0,0.00,0,0,b111.net
