Customer ID,Campaign ID,Ad group ID,Ad group state,Cost,Avg. Cost,Impressions,Clicks,Conversions,Avg. CPC,Cost / conv.,Criteria Display Name
3637290511,1777436620,67966950646,paused,3868976,3868976,1,1,0.00,3868976,0,www.atmovies.com.tw/showtime/t03505/a35
3637290511,1777436620,71763883120,enabled,3542240,3542240,3,1,0.00,3542240,0,today.line.me/tw/article/8%E6%97%AC%E8%80%81%E7%BF%81%E9%A8%8E%E8%BB%8A%E6%B7%B1%E9%99%B7%E3%80%8C%E6%A5%A0%E6%A2%93%E7%99%BE%E6%85%95%E9%81%94%E3%80%8D+%E6%B0%91%E7%9C%BE%E5%A0%B1%E8%AD%A6%E6%B1%82%E6%95%91-jW02ex
3637290511,1777436620,72012809987,enabled,0,0,164,0,0.00,0,0,today.line.me/tw/article/%E5%90%83%E9%A3%BD%E9%A3%AF%E5%9C%A8%E6%97%81%E9%82%8A%E7%8E%A9%E3%80%802%E6%AD%B2%E7%94%B7%E7%AB%A5%E7%94%A8%E3%80%8C1%E5%85%83%E3%80%8D%E8%AE%93%E5%85%A8%E5%AE%B6%E6%94%B9%E8%A1%8C%E7%A8%8B-98XgQE
3637290511,1777436620,72012809987,enabled,3949654,3949654,3,1,0.00,3949654,0,today.line.me/tw/article/%E9%99%B3%E7%BE%8E%E9%B3%B3%E9%81%8A%E6%97%A5%E4%BB%86%E8%A1%97+%E6%89%8B%E8%87%82%E9%AA%A8%E6%8A%98%E8%84%AB%E8%87%BC%E7%97%9B%E5%88%B0%E5%8F%AB%E5%AA%BD+%EF%BC%8D+%E8%85%A6%E6%B5%B7%E6%B5%AE%E7%8F%BE%E4%BA%BA%E7%94%9F%E8%B7%91%E
3637290511,1777436620,71763883120,enabled,1524946,1524946,4,1,0.00,1524946,0,today.line.me/tw/article/MiLB%E3%80%8B%E6%89%93%E6%93%8A%E7%8E%87%E6%9A%B4%E8%A1%9D%EF%BC%81%E6%9E%97%E5%AD%90%E5%81%89%E7%94%A9%E4%BD%8E%E8%BF%B7%E4%BB%8A%E7%B9%B3%E7%8C%9B%E6%89%93%E8%B3%9E-ORY7oD
3637290511,1777436620,72012809987,enabled,5559782,5559782,2,1,0.00,5559782,0,m.uwants.in/62/62558/18744305.html
3637290511,1777436620,72012809987,enabled,2708898,2708898,3,1,0.00,2708898,0,todayspot.fbs.one/post05110691063972
3637290511,1777436620,72012809987,enabled,5546872,5546872,2,1,0.00,5546872,0,nanai.tw/miaoli
3637290511,1777436620,72012809987,enabled,4140947,4140947,4,1,0.00,4140947,0,www.tiffany0118.com/sushiro
3637290511,1777436620,71763883120,enabled,2070558,2070558,30,1,0.00,2070558,0,today.line.me/tw/article/%E9%B4%BB%E6%B5%B7%E9%9B%86%E5%9C%98%E4%B8%8A%E6%BC%94%E3%80%8C%E7%B8%BD%E7%B5%B1%E8%A1%8C%E6%83%85%E3%80%8D%E9%83%AD%E5%8F%B0%E9%8A%98%E5%96%AE%E6%97%A5%E8%BA%AB%E5%83%B9%E6%9A%B4%E5%A2%9E%E8%B6%85%E9%81%8E170%E5%84%84%E5%85%83-7
3637290511,1777436620,71763883120,enabled,2848967,2848967,81,1,0.00,2848967,0,today.line.me/tw/article/%E8%8A%B1%E8%93%AE%E7%8E%8B%E5%BC%B7%E5%8B%A2%E5%9B%9E%E6%AD%B8%EF%BC%81%E6%8E%A5%E9%A2%A8%E9%80%A3%E9%80%99%E4%BA%9B%E4%BA%BA%E9%83%BD%E5%87%BA%E5%8B%95-aeBvln
3637290511,1777436620,72012809987,enabled,3062922,3062922,6,1,0.00,3062922,0,today.line.me/tw/article/%E3%80%90%E5%85%89%E9%80%9F%E6%8F%9B%E4%BA%BA%E6%84%9B1%E3%80%91%E8%B6%81%E6%9E%97%E6%9F%8F%E5%8F%A1%E4%B8%8D%E5%9C%A8%E6%90%B6%E5%A5%B3%E5%8F%8B%E3%80%80%E7%8E%8B%E6%9F%8F%E5%82%91%E5%B8%B6%E7%8E%8B%E6%B7%A8%E8%A6%8B%E7%88%B6%E6%
3637290511,1777436620,72012809987,enabled,2361957,2361957,2,1,0.00,2361957,0,todayspot.fbs.one/post06276081039337
3637290511,1777436620,71763883120,enabled,2935824,2935824,28,1,0.00,2935824,0,today.line.me/tw/article/%E6%9D%8E%E6%95%96%E5%AD%90%E5%A5%B3%E5%A4%A7%E6%88%B0%EF%BC%81%E6%9D%8E%E6%96%87%E7%BD%B5%E5%BC%9F%E6%9D%8E%E6%88%A1%E5%88%A4%E6%B1%BA%E5%87%BA%E7%88%90-gnBpZG
3637290511,1777436620,72012809987,enabled,4841290,2420645,7,2,0.00,2420645,0,today.line.me/tw/article/20%E5%A4%A9%E5%AC%B0%E6%8B%8D%E5%AF%AB%E7%9C%9F%E9%9A%AA%E4%B8%9F%E5%91%BD%E3%80%80%E6%96%B0%E6%89%8B%E5%AA%BD%E5%B4%A9%E6%BD%B0%E4%BA%86-0jpyXj
3637290511,1777436620,71763883120,enabled,0,0,100,0,0.00,0,0,fullfenblog.tw/sanzhi-sakurahana
3637290511,1777436620,71763883120,enabled,2950425,2950425,9,1,0.00,2950425,0,today.line.me/tw/article/%E4%B8%8D%E6%98%AF%E5%B0%8F%E8%8B%B1%EF%BC%81%E7%9C%9F%E6%AD%A3%E5%8F%AF%E8%83%BD%E6%AF%80%E6%8E%89%E6%B0%91%E9%80%B2%E9%BB%A8%E6%81%90%E6%98%AF%E3%80%8C%E4%BB%96%E3%80%8D-vn5Xy3
3637290511,1777436620,71763883120,enabled,3521219,3521219,1,1,0.00,3521219,0,today.line.me/tw/article/%E6%84%9B%E7%B4%97+%E9%9B%A2%E5%A9%9A57%E5%A4%A9%E9%9B%99%E8%81%B2%E9%81%93%E4%BC%B4%E9%81%8A+Double+Date%E6%A1%83%E5%A4%AA%E9%83%8E-on03PW
3637290511,1777436620,71763883120,enabled,6581368,3290684,3,2,0.00,3290684,0,today.line.me/tw/article/%E3%80%90%E8%85%A5%E5%A4%AB%E8%A8%B1%E5%BF%97%E5%AE%89%E3%80%91%E9%84%AD%E7%A7%80%E6%96%87%E5%AF%AB%E4%B8%8B%E3%80%8C%E5%A9%9A%E5%A7%BB%E5%BE%97%E4%BE%86%E4%B8%8D%E6%98%93%E3%80%8D%E3%80%80%E8%A8%B1%E5%BF%97%E5%AE%89%E5%8D%BB%E8%A
3637290511,1777436620,72012809987,enabled,5274836,5274836,1,1,0.00,5274836,0,m.xuite.net/blog/maomi/Food01/80397388
3637290511,1777436620,72012809987,enabled,2921377,2921377,7,1,0.00,2921377,0,today.line.me/tw/article/%E7%9C%81%E9%8C%A2%E4%B8%8D%E8%BE%A6%E5%A9%9A%E7%A6%AE%EF%BC%8C%E7%88%B6%E6%AF%8D%E5%8D%BB%E3%80%8C%E9%80%BC%E8%A8%82%E5%96%9C%E9%A4%85%E3%80%81%E8%87%B3%E5%B0%91%E5%B8%AD%E9%96%8B3%E6%A1%8C%E3%80%8D%EF%BC%81%E6%BA%96%E4%BA%BA%E5%
3637290511,1777436620,71763883120,enabled,2531535,2531535,1,1,0.00,2531535,0,today.line.me/tw/article/%E6%84%9B%E6%B2%B3%E6%B0%B4%E9%9D%A2%E4%BD%88%E6%BB%BF%E6%B2%B9%E8%8A%B1%E3%80%81%E5%9E%83%E5%9C%BE%E3%80%80%E7%92%B0%E4%BF%9D%E5%B1%80%E6%B4%BE%E4%BA%BA%E6%B8%85%E9%99%A4-gnBqGZ
3637290511,1777436620,72012809987,enabled,3897555,3897555,1,1,0.00,3897555,0,today.line.me/TW/article/981Y5K
3637290511,1777436620,72012809987,enabled,4156403,4156403,3,1,0.00,4156403,0,today.line.me/tw/article/%E8%94%A1%E8%8B%B1%E6%96%87%E8%8B%A5%E8%B5%B0%E5%88%B0%E3%80%8C%E9%80%99%E4%B8%80%E6%AD%A5%E3%80%8D%E3%80%80%E9%8D%BE%E5%B9%B4%E6%99%83%EF%BC%9A%E5%9C%8B%E6%B0%91%E9%BB%A8%E6%B4%BE%E8%AA%B0%E9%83%BD%E6%9C%83%E8%B4%8F-gnq2kN
3637290511,1777436620,71763883120,enabled,2881876,2881876,2,1,0.00,2881876,0,ec.ltn.com.tw/m/article/breakingnews/2761923
3637290511,1777436620,72012809987,enabled,3208620,3208620,4,1,0.00,3208620,0,todayspot.fbs.one/post05145521063408
3637290511,1777436620,72012809987,enabled,3158605,3158605,1,1,0.00,3158605,0,today.line.me/tw/article/%E5%85%A8%E5%8F%B0%E7%AC%AC%E4%B8%80%E9%AE%AA+%E8%98%87%E6%BE%B3%E6%8B%94%E9%A0%AD%E7%B1%8C147%E8%90%AC%E5%85%83%E6%8B%8D%E5%87%BA-on02DP
3637290511,1777436620,71763883120,enabled,6407451,3203726,230,2,0.00,3203726,0,today.line.me/tw/article/%E3%80%90%E6%94%9C%E4%BA%BA%E5%A4%AB%E9%81%8E%E5%A4%9C1%E3%80%911%E5%80%8B%E6%9C%882%E6%AC%A1%E7%9B%B4%E6%93%8A%E3%80%80%E7%BE%8E%E5%A5%B3%E7%AB%8B%E5%A7%94%E5%81%95%E5%B7%B2%E5%A9%9A%E4%B8%BB%E4%BB%BB%E6%9C%83%E9%A4%A8%E9%81%8E%E
3637290511,1777436620,72012809987,enabled,3918957,3918957,5,1,0.00,3918957,0,today.line.me/tw/article/%E5%90%9B%E7%84%A1%E6%88%B2%E8%A8%80%E6%98%AF%E9%87%91%E3%84%9F+%E5%BE%90%E5%B7%A7%E8%8A%AF%EF%BC%9A%E5%B0%8F%E8%8B%B1%E6%9B%BE%E8%AA%AA%E5%8F%AA%E7%95%B6%E4%B8%80%E5%B1%86-GyZoWY
3637290511,1777436620,72012809987,enabled,3763606,3763606,1,1,0.00,3763606,0,www.paine0602.com/vietnam-cookies
3637290511,1777436620,71763883120,enabled,11196850,3732283,135,3,0.00,3732283,0,today.line.me/tw/article/%E4%BF%A1%E5%BE%92%E6%8F%92%E9%9A%8A%E6%8E%A8%E6%93%A0%E7%AD%89%E9%91%BD%E8%BD%8E%E8%85%B3%E2%80%A6%E3%80%80%E7%99%BD%E6%B2%99%E5%B1%AF%E5%AA%BD%E4%B8%8D%E7%88%BD%E8%B5%B0%E4%BA%BA%E4%B8%8D%E7%B5%A6%E9%91%BD-68p8WN
3637290511,1777436620,71763883120,enabled,0,0,326,0,0.00,0,0,today.line.me/tw/article/%E5%90%83%E9%A3%BD%E9%A3%AF%E5%9C%A8%E6%97%81%E9%82%8A%E7%8E%A9%E3%80%802%E6%AD%B2%E7%94%B7%E7%AB%A5%E7%94%A8%E3%80%8C1%E5%85%83%E3%80%8D%E8%AE%93%E5%85%A8%E5%AE%B6%E6%94%B9%E8%A1%8C%E7%A8%8B-98XgQE
3637290511,1777436620,71763883120,enabled,4878993,2439497,46,2,0.00,2439497,0,today.line.me/tw/article/%E4%B8%AD%E5%9C%8B%E5%B0%87%E4%BA%BA%E5%9F%BA%E5%9B%A0%E6%A4%8D%E5%85%A5%E7%8C%B4%E8%85%A6+%E7%BE%8E%E6%95%99%E6%8E%88%E5%8F%83%E8%88%87%E5%AF%A6%E9%A9%97%E7%99%BC%E7%8F%BE%E7%9C%9F%E7%9B%B8%E5%BE%8C%E5%A4%A7%E6%82%94-58pGgv
3637290511,1777436620,72012809987,enabled,2216634,2216634,2,1,0.00,2216634,0,today.line.me/tw/article/%E9%96%A8%E5%AF%86%E6%B1%BA%E8%A3%82%EF%BC%81%E8%BE%9C%E8%8E%9E%E5%85%81%E5%81%B7%E6%8B%8D%E9%AE%AA%E9%AD%9A%E6%B2%90%E6%B5%B4%E7%85%A7%E5%88%86%E4%BA%AB%E7%B5%A6%E7%94%B7%E5%8F%8B%E3%80%80%E9%9B%99%E6%96%B9%E5%9B%9E%E6%87%89%E4%B
3637290511,1777436620,71763883120,enabled,4499485,4499485,13,1,0.00,4499485,0,today.line.me/tw/article/%E5%B7%B4%E9%BB%8E%E5%8F%B0%E7%81%A3%E9%9B%BB%E5%BD%B1%E7%AF%80+%E5%85%A9%E5%90%8D%E5%8F%B0%E7%81%A3%E5%A5%B3%E7%94%9F%E6%84%9F%E6%80%A7%E5%82%AC%E7%94%9F-2EMLma
3637290511,1777436620,72012809987,enabled,2656113,2656113,14,1,0.00,2656113,0,today.line.me/tw/article/%E3%80%8A%E7%88%B8%E7%88%B8%E5%8E%BB%E5%93%AA%E5%85%92%E3%80%8B%E5%B8%A5%E7%88%B8%E7%88%86%E5%81%B7%E5%90%83%EF%BC%81%E4%B8%80%E6%99%9A4+6%E8%90%AC+%E5%B0%8D%E8%A9%B1%E6%9B%9D%E5%85%89-38p0oW
3637290511,1777436620,72012809987,enabled,2077980,2077980,2,1,0.00,2077980,0,today.line.me/tw/article/%E6%9D%8E%E6%95%96%E5%AD%90%E5%A5%B3%E5%A4%A7%E6%88%B0%EF%BC%81%E6%9D%8E%E6%96%87%E7%BD%B5%E5%BC%9F%E6%9D%8E%E6%88%A1%E5%88%A4%E6%B1%BA%E5%87%BA%E7%88%90-gnBpZG
3637290511,1777436620,71763883120,enabled,2921045,2921045,46,1,0.00,2921045,0,today.line.me/tw/article/%E8%A8%B1%E5%BF%97%E5%AE%89%E5%81%B7%E5%90%83%E7%97%9B%E5%93%AD%E8%AC%9D%E7%BD%AA%E3%80%80%E9%84%AD%E7%A7%80%E6%96%87%E3%80%8C%E8%87%89%E6%9B%B8%E5%B0%81%E9%9D%A2%E5%85%A8%E9%BB%91%E3%80%8D-pnV1a6
3637290511,1777436620,71763883120,enabled,2791295,2791295,8,1,0.00,2791295,0,today.line.me/tw/article/%E5%8F%B2%E4%B8%8A%E6%9C%80%E4%BD%B3%EF%BC%81%E5%85%A8%E7%90%83%E7%A9%86%E6%96%AF%E6%9E%97%E6%97%85%E9%81%8A%E6%8C%87%E6%95%B8%E3%80%80%E5%8F%B0%E7%81%A3%E9%A6%96%E5%BA%A6%E8%BA%8B%E8%BA%AB%E9%9D%9E%E4%BC%8A%E6%96%AF%E8%98%AD%E7%B
3637290511,1777436620,71763883120,enabled,2903371,2903371,3,1,0.00,2903371,0,todayspot.fbs.one/post04223241063875
3637290511,1777436620,71763883120,enabled,4000000,4000000,106,1,0.00,4000000,0,today.line.me/tw/article/%E9%A8%8E%E9%80%B2%E6%A5%A0%E6%A2%93%E7%99%BE%E6%85%95%E9%81%94+%E4%BB%96%E7%A5%9E%E7%A7%98%E6%B6%88%E5%A4%B1%E4%BA%86-DyEq1B
3637290511,1777436620,67966950646,paused,4156862,4156862,4,1,0.00,4156862,0,fullfenblog.tw/kansai
3637290511,1777436620,72012809987,enabled,2851417,2851417,1,1,0.00,2851417,0,www.skyqzone.com/article/RGxuTyt2dHNCOXM9
3637290511,1777436620,72012809987,enabled,2078125,2078125,1,1,0.00,2078125,0,today.line.me/tw/article/%E9%83%AD%E8%91%A3%E8%A6%81%E9%81%B8%E7%B8%BD%E7%B5%B1%EF%BC%9F%E9%B4%BB%E6%B5%B7%E8%82%A1%E5%83%B9%E5%85%88%E5%A4%A7%E6%BC%B2%E5%9B%9E%E6%87%89-qn0xaW
3637290511,1777436620,72012809987,enabled,1734039,1734039,2,1,0.00,1734039,0,today.line.me/tw/article/%E3%80%90%E7%8D%A8%E5%AE%B6%E3%80%91%E8%A3%9D%E9%96%A8%E5%AF%86%E5%8F%88%E8%BD%89%E8%BA%AB%E6%8D%85%E5%88%80%EF%BC%81%E9%99%B3%E6%B2%82%E6%80%92%E6%8F%AD%E9%9F%8B%E4%BD%B3%E5%BE%B7%E5%81%87%E9%9D%A2%E5%85%B7%EF%BC%9A%E5%99%81%E5%B
3637290511,1777436620,71763883120,enabled,3882458,3882458,40,1,0.00,3882458,0,today.line.me/tw/article/%E6%B2%92%E5%92%96%E5%95%A1%E7%84%A1%E6%B3%95%E4%B8%8A%E7%8F%AD%EF%BC%9F%E6%97%A5%E5%96%9D%E8%B6%85%E9%81%8E%E9%80%99%E9%87%8F%E6%81%90%E4%B8%9F%E5%91%BD-889yJE
3637290511,1777436620,71763883120,enabled,2987967,2987967,1,1,0.00,2987967,0,today.line.me/TW/article/18pNrE
3637290511,1777436620,72012809987,enabled,3074670,3074670,1,1,0.00,3074670,0,today.line.me/tw/article/%E9%9F%93%E3%80%81%E7%8E%8B%E8%AA%B0%E5%8F%AF%E7%95%B6%E7%B8%BD%E7%B5%B1%EF%BC%9F%E8%BF%912%E8%90%AC%E4%BA%BA%E6%8A%95%E4%BB%96%EF%BC%81-aelQ98
3637290511,1777436620,71763883120,enabled,2953133,2953133,9,1,0.00,2953133,0,today.line.me/tw/article/2019%E5%98%89%E7%BE%A9%E7%91%9E%E9%87%8C%E7%B4%AB%E8%97%A4%E8%8A%B1%E5%AD%A3%E6%80%8E%E9%BA%BC%E7%8E%A9%EF%BC%9F%E8%B3%9E%E8%8A%B1%E6%99%AF%E9%BB%9E%E3%80%81%E7%91%9E%E9%87%8C2%E6%97%A5%E9%81%8A%E6%99%AF%E9%BB%9E%E6%8E%A8%E8%96%A6
3637290511,1777436620,72012809987,enabled,2168016,2168016,1,1,0.00,2168016,0,today.line.me/tw/article/%E5%8D%B0%E5%88%B7%E5%A4%A9%E7%8E%8B%E5%80%92%E9%96%89%E8%90%BD%E8%B7%91%E3%80%80%E3%80%8C%E6%95%85%E5%AE%AE2%E5%84%84%E5%9C%8B%E5%AF%B6%E3%80%8D%E9%9A%AA%E9%81%AD%E9%BB%91%E9%81%93%E6%8A%B5%E5%82%B5-38zy7v
3637290511,1777436620,72012809987,enabled,3789087,3789087,10,1,0.00,3789087,0,today.line.me/tw/article/%E5%8F%83%E6%8B%9C%E6%85%88%E6%83%A0%E5%AE%AE%E5%85%A8%E7%A8%8B%E5%8F%B0%E8%AA%9E%E8%87%B4%E8%A9%9E%E3%80%80%E9%83%AD%E5%8F%B0%E9%8A%98%EF%BC%9A%E5%AA%BD%E7%A5%96%E8%A8%97%E5%A4%A2%E8%A6%81%E6%88%91%E5%87%BA%E4%BE%86%E5%81%9A%E4%B
3637290511,1777436620,72012809987,enabled,2312367,2312367,2,1,0.00,2312367,0,today.line.me/tw/article/%E8%8B%B1%E7%89%B9%E7%88%BE%E5%AE%A3%E5%B8%83%E9%80%80%E5%87%BA%E6%99%BA%E6%85%A7%E6%89%8B%E6%A9%9F+5G+%E5%9F%BA%E9%A0%BB%E6%99%B6%E7%89%87%E5%B8%82%E5%A0%B4-pnWL7G
3637290511,1777436620,72012809987,enabled,3561265,3561265,8,1,0.00,3561265,0,todayspot.fbs.one/post10165801063869
3637290511,1777436620,72012809987,enabled,3554787,3554787,3,1,0.00,3554787,0,today.line.me/tw/article/%E8%8B%B1%E6%98%93%E6%8D%B7%E8%88%AA%E7%A9%BA%E6%A9%9F%E7%B5%84%E4%BA%BA%E5%93%A1%E6%80%95%E5%8A%A0%E7%8F%AD+%E4%B8%9F%E5%8C%85%E4%B9%98%E5%AE%A2%E8%87%AA%E5%B7%B1%E9%A3%9B%E8%B5%B0%E4%BA%86-LDJpQ0
3637290511,1777436620,72012809987,enabled,3174731,3174731,2,1,0.00,3174731,0,todayspot.fbs.one/post03180121048130
3637290511,1777436620,71763883120,enabled,2627211,2627211,1,1,0.00,2627211,0,today.line.me/tw/article/%E8%A2%AB%E9%81%BA%E5%BF%98%E7%9A%84%E5%8F%B0%E5%8C%97%E8%80%81%E8%88%8A%E5%95%86%E5%A0%B4%E3%80%80%E8%8F%B2%E5%BE%8B%E8%B3%93%E4%BA%BA%E6%8E%A5%E6%89%8B%E8%BF%8E%E6%8E%A5%E6%98%A5%E5%A4%A9-zyYn3D
3637290511,1777436620,72012809987,enabled,5570865,5570865,9,1,0.00,5570865,0,www.skyqzone.com/article/a3FUc3Z3MVB0T1k9
3637290511,1777436620,71763883120,enabled,2664096,2664096,24,1,0.00,2664096,0,today.line.me/tw/article/%E9%80%99%E4%BD%8D%E5%AA%BD%E5%AA%BD%E5%A4%AA%E5%BC%B7%EF%BC%81%E4%B8%80%E6%89%93%E4%B8%89%E5%8F%88%E6%B2%92%E4%BA%A4%E9%80%9A%E5%B7%A5%E5%85%B7%E7%9A%84%E5%A5%B9%EF%BC%8C%E5%A6%82%E4%BD%95%E8%BE%A6%E5%88%B0%E5%B8%B6%E5%AD%A9%E5%A
3637290511,1777436620,72012809987,enabled,4177336,4177336,32,1,0.00,4177336,0,today.line.me/tw/article/%E4%BF%A1%E5%BE%92%E6%8F%92%E9%9A%8A%E6%8E%A8%E6%93%A0%E7%AD%89%E9%91%BD%E8%BD%8E%E8%85%B3%E2%80%A6%E3%80%80%E7%99%BD%E6%B2%99%E5%B1%AF%E5%AA%BD%E4%B8%8D%E7%88%BD%E8%B5%B0%E4%BA%BA%E4%B8%8D%E7%B5%A6%E9%91%BD-68p8WN
3637290511,1777436620,71763883120,enabled,0,0,141,0,0.00,0,0,today.line.me/tw/article/%E5%A5%B3%E6%98%9F%E6%9B%9D%E4%BA%A1%E5%A4%AB%E8%BB%8A%E7%A6%8D%E5%85%A7%E5%B9%95+%E5%B0%8F%E4%B8%89%E8%A1%A3%E8%A1%AB%E4%B8%8D%E6%95%B4%E3%80%8C%E4%BA%BA%E5%9C%A8%E9%A7%95%E9%A7%9B%E5%BA%A7%E4%B8%8B%E9%9D%A2%E3%80%8D-B8yV1n
3637290511,1777436620,71763883120,enabled,4024059,4024059,26,1,0.00,4024059,0,"Mobile App: 自由時報 (iTunes App Store), by 自由時報"
3637290511,1777436620,72012809987,enabled,3723210,3723210,4,1,0.00,3723210,0,vivawei.tw/zheng-pin-tang-bao
3637290511,1777436620,72012809987,enabled,3239084,3239084,20,1,0.00,3239084,0,best.parenting.com.tw/blogger_article.php
3637290511,1777436620,71763883120,enabled,3806305,3806305,3,1,0.00,3806305,0,ezvivi3.com/m/285332.asp
3637290511,1777436620,67966950646,paused,2785134,2785134,22,1,0.00,2785134,0,news.ebc.net.tw/News/Article/160263
3637290511,1777436620,71763883120,enabled,3591891,3591891,2,1,0.00,3591891,0,fnc.ebc.net.tw/FncNews/Content/77001
3637290511,1777436620,72012809987,enabled,2569332,2569332,2,1,0.00,2569332,0,tw.appledaily.com/recommend/realtime
3637290511,1777436620,71763883120,enabled,4105097,4105097,5,1,0.00,4105097,0,www.kunlema.com/m/show.aspx
3637290511,1777436620,72012809987,enabled,12700238,6350119,2652,2,0.00,6350119,0,ck101.com/forum.php
3637290511,1777436620,72012809987,enabled,3450431,3450431,1,1,0.00,3450431,0,coolmac.tw/50496
3637290511,1777436620,72012809987,enabled,13451525,4483842,657,3,0.00,4483842,0,sj.uukanshu.com/read.aspx
3637290511,1777436620,72012809987,enabled,4018445,4018445,1,1,0.00,4018445,0,news.tvbs.com.tw/world/1115592
3637290511,1777436620,72012809987,enabled,4417757,4417757,2,1,0.00,4417757,0,m.my-formosa.com/doc_144708.htm
3637290511,1777436620,72012809987,enabled,2724576,2724576,1,1,0.00,2724576,0,news.ebc.net.tw/News/entertainment/160281
3637290511,1777436620,71763883120,enabled,3709366,3709366,2,1,0.00,3709366,0,ssp.hinet.net
3637290511,1777436620,72012809987,enabled,6004028,6004028,6,1,0.00,6004028,0,www.daybuy.tw/viewthread.php
3637290511,1777436620,72012809987,enabled,2774043,2774043,1,1,0.00,2774043,0,kknews.cc/entertainment/jj94jkl.html
3637290511,1777436620,67966950646,paused,4110985,4110985,1,1,0.00,4110985,0,www.storm.mg/article/1182662
3637290511,1777436620,67966950646,paused,3290186,3290186,1,1,0.00,3290186,0,news.tvbs.com.tw/entertainment/1114664
3637290511,1777436620,72012809987,enabled,6897928,6897928,13,1,0.00,6897928,0,fnc.ebc.net.tw/FncNews/Content/76827
3637290511,1777436620,72012809987,enabled,2953893,2953893,3,1,0.00,2953893,0,news.ebc.net.tw/News/Article/160385
3637290511,1777436620,72012809987,enabled,2844154,2844154,2,1,0.00,2844154,0,buzzlife.com.tw/article/1533692109
3637290511,1777436620,67966950646,paused,3731203,3731203,1,1,0.00,3731203,0,www.funtime.com.tw/blog/funtime/turkey-transportation-and-route
3637290511,1777436620,72012809987,enabled,2831984,2831984,7,1,0.00,2831984,0,star.ettoday.net/amp/amp_news.php
3637290511,1777436620,72012809987,enabled,5770101,5770101,9,1,0.00,5770101,0,www.bluesbear.tw/11099/%E9%80%B1%E9%81%8B%E5%8B%A2%EF%BC%9A2019-4-15-4-21-%E5%A4%A7%E5%AE%B6%E6%99%AE%E9%81%8D%E9%81%8B%E5%8B%A2%E4%B8%8D%E9%8C%AF%EF%BC%8C%E8%A6%81%E8%B6%81%E5%8B%9D%E8%BF%BD%E6%93%8A.html
3637290511,1777436620,71763883120,enabled,2717641,2717641,1,1,0.00,2717641,0,www.go4134.com/2637620013259912614324231.html
3637290511,1777436620,71763883120,enabled,2151240,2151240,3,1,0.00,2151240,0,new.mission-tw.com/mission/article/news/15174/87
3637290511,1777436620,67966950646,paused,3540767,3540767,1,1,0.00,3540767,0,www.52travel.tw/17465
3637290511,1777436620,67966950646,paused,4051605,4051605,1,1,0.00,4051605,0,mimihan.tw/2016-11-21-1258
3637290511,1777436620,71763883120,enabled,2529990,2529990,1,1,0.00,2529990,0,www.new.mission-tw.com/mission/article/news/15196
3637290511,1777436620,71763883120,enabled,3905165,3905165,1,1,0.00,3905165,0,iris77.tw/taipeimapleresort
3637290511,1777436620,72012809987,enabled,1970273,1970273,1,1,0.00,1970273,0,twpkinfo.com/ipoke.aspx
3637290511,1777436620,72012809987,enabled,1238672,1238672,5,1,0.00,1238672,0,"Mobile App: udn News (iTunes App Store), by udn.com"
3637290511,1777436620,72012809987,enabled,0,0,180,0,0.00,0,0,api.ettoday.net/app/v5.0/news2017/android-news.php
3637290511,1777436620,67966950646,paused,4053535,4053535,2,1,0.00,4053535,0,api.ettoday.net/app/v5.0/news2017/android-news.php
3637290511,1777436620,67966950646,paused,0,0,1,0,0.00,0,0,tw.answers.yahoo.com
3637290511,1777436620,71763883120,enabled,2267825,2267825,1,1,0.00,2267825,0,service.ctee.com.tw/Subscribe/edm.aspx
3637290511,1777436620,72012809987,enabled,6179327,6179327,4,1,0.00,6179327,0,ezp93.com/p127031.asp
3637290511,1777436620,72012809987,enabled,2945365,2945365,1,1,0.00,2945365,0,2hyperlife.com/%E4%BE%86%E5%93%88%E6%AF%94%E4%BA%BA%E7%9A%84%E5%AE%B6%E4%BA%AB%E7%94%A8%E8%B1%90%E7%9B%9B%E7%9A%84%E7%BE%8E%E7%BE%A9%E5%BC%8F%E9%A4%90%E9%BB%9E%E5%90%A7%EF%BD%9E%E3%80%8E%E5%A4%8F%E7%88%BEshire
3637290511,1777436620,67966950646,paused,3329524,3329524,2,1,0.00,3329524,0,tw.ixdzs.com/read/156/156607/p477.html
3637290511,1777436620,71763883120,enabled,0,0,143,0,0.00,0,0,www.yahoo.com
3637290511,1777436620,67966950646,paused,0,0,102,0,0.00,0,0,www.yahoo.com
3637290511,1777436620,72012809987,enabled,2614859,2614859,108,1,0.00,2614859,0,www.yahoo.com
3637290511,1777436620,72012809987,enabled,2740729,2740729,5,1,0.00,2740729,0,permio1.com/cafe-al
3637290511,1777436620,71763883120,enabled,5904174,2952087,17,2,0.00,2952087,0,tw.stock.yahoo.com
3637290511,1777436620,71763883120,enabled,3562591,3562591,19,1,0.00,3562591,0,tw.yahoo.com
3637290511,1777436620,71763883120,enabled,2859288,2859288,5,1,0.00,2859288,0,"Mobile App: 蘋果新聞網 (iTunes App Store), by Next Mobile Limited"
3637290511,1777436620,72012809987,enabled,3954649,3954649,1,1,0.00,3954649,0,horo88.cc/3727
3637290511,1777436620,71763883120,enabled,4192489,4192489,5,1,0.00,4192489,0,ezp93.com/p96931.asp
3637290511,1777436620,72012809987,enabled,2795735,2795735,2,1,0.00,2795735,0,"Mobile App: Economic Daily News (Google Play), by udn.com"
3637290511,1777436620,72012809987,enabled,6518445,6518445,4,1,0.00,6518445,0,heatherlin0804.pixnet.net/blog/post/403884926
3637290511,1777436620,71763883120,enabled,0,0,1,0,0.00,0,0,wanghoward.pixnet.net/blog/post/449320433
3637290511,1777436620,72012809987,enabled,5039107,5039107,1,1,0.00,5039107,0,novgo11.pixnet.net/blog/post/347385434-%E3%80%90%E5%8F%B0%E5%8D%97%E5%90%83%E5%88%B0%E9%A3%BD%E3%80%91%E4%B8%80%E9%BC%8E%E9%8D%8B%E7%84%A1%E8%8F%9C%E5%96%AE%E8%87%AA%E5%8A%A9%E5%90%83%E5%88%B0%E9%A3%BD%EF%BD%9C%E7%81%AB
3637290511,1777436620,72012809987,enabled,6465692,6465692,1,1,0.00,6465692,0,ketr0403.pixnet.net/blog/post/349398244-%E3%80%90%E9%A3%9F%E8%A8%98%E3%80%91%EF%BD%9B%E9%AB%98%E9%9B%84%E3%80%82%E9%B3%B3%E5%B1%B1%E5%8D%80%EF%BD%9D%E9%AE%AE%E7%82%AD%E9%9C%B8%E6%B5%B7%E9%AE%AE%E7%82%AD%E7%83%A4%E7%81%AB
3637290511,1777436620,72012809987,enabled,5444832,5444832,1,1,0.00,5444832,0,twobunny.pixnet.net/blog/post/67045623-%5B%E6%96%B0%E7%AB%B9%E3%80%82%E8%A6%AA%E5%AD%90%E6%99%AF%E9%BB%9E%5D-%E8%80%81%E9%8D%8B%E4%BC%91%E9%96%92%E8%BE%B2%E8%8E%8A%EF%BD%9E%E6%96%B0%E7%AB%B9%E7%B1%B3%E7%B2%89-di
3637290511,1777436620,67966950646,paused,4186691,4186691,3,1,0.00,4186691,0,nenen.pixnet.net/blog/post/195170129
3637290511,1777436620,72012809987,enabled,4634986,4634986,1,1,0.00,4634986,0,nixojov.pixnet.net/blog/post/344459494-%E3%80%90%E5%8F%B0%E5%8C%97%E7%BE%8E%E9%A3%9F%E3%80%91%E9%98%BF%E4%BB%81%E7%82%92%E9%A3%AF-%E7%B2%92%E7%B2%92%E5%88%86%E6%98%8E%E7%B6%B2%E8%B7%AF%E8%A9%95%E5%83%B9%E6%A5%B5
3637290511,1777436620,67966950646,paused,0,0,3,0,0.00,0,0,jocelin4363.pixnet.net/blog/post/224756948
3637290511,1777436620,67966950646,paused,2682235,2682235,2,1,0.00,2682235,0,yoyovilla.pixnet.net/blog/post/30173322-%E5%A4%8F%E5%A4%A9%E5%8E%BB%E6%AD%90%E6%B4%B2%E9%82%A3%E5%80%8B%E5%9C%8B%E5%AE%B6%E6%AF%94%E8%BC%83%E5%A5%BD%EF%BC%9F
3637290511,1777436620,72012809987,enabled,4993821,4993821,7,1,0.00,4993821,0,gotv.ctitv.com.tw/2019/04/1053765.htm
3637290511,1777436620,67966950646,paused,4197800,4197800,1,1,0.00,4197800,0,jan098142.pixnet.net/blog/post/43980937-%E3%80%902016%E6%97%A5%E6%9C%AC-%E4%BA%AC%E9%98%AA%E3%80%91%E5%BC%B1%E5%BC%B1%E7%9A%84%E6%88%B0%E5%88%A9%E5%93%81%E5%88%86%E4%BA%AB
3637290511,1777436620,72012809987,enabled,2899060,2899060,2,1,0.00,2899060,0,www.chinatimes.com/realtimenews/20190417000013-260407
3637290511,1777436620,72012809987,enabled,2668889,2668889,2,1,0.00,2668889,0,gotv.ctitv.com.tw/2019/04/1054877.htm
3637290511,1777436620,72012809987,enabled,3743943,3743943,1,1,0.00,3743943,0,ais20120301.pixnet.net/blog/post/227366093-%E3%80%90%E9%95%B7%E6%A6%AE%E8%88%AA%E7%A9%BA---%E6%8B%9B%E5%8B%9F%E5%9C%B0%E5%8B%A4%E4%BA%BA%E5%93%A1%E3%80%91
3637290511,1777436620,72012809987,enabled,6995090,6995090,1,1,0.00,6995090,0,anders818.pixnet.net/blog/post/71753113
3637290511,1777436620,72012809987,enabled,5331116,5331116,5,1,0.00,5331116,0,m.healthylives.tw/article/9987
3637290511,1777436620,72012809987,enabled,6764621,6764621,1,1,0.00,6764621,0,bernicehuang0703.pixnet.net/blog/post/226989674-%28%E6%A1%83%E5%9C%92%E4%B8%AD%E5%A3%A2%29-%E6%B5%B7%E5%A7%A5%E5%A7%A5%E9%AE%AE%E9%AE%AE%E9%8D%8B%E7%89%A9-%E7%9F%B3%E9%A0%AD%E7%81%AB%E9%8D%8B-x-%E4%BB%BB%E9%81%B8
3637290511,1777436620,72012809987,enabled,1576092,1576092,2,1,0.00,1576092,0,www.haoyunmyt.com/post924459/4951
3637290511,1777436620,72012809987,enabled,6406715,6406715,2,1,0.00,6406715,0,cat761007.pixnet.net/blog/post/368107605-%E2%97%86%E9%A3%9F%E8%A8%98%E2%97%86%E5%8F%B0%E5%8C%97%E5%A3%AB%E6%9E%97%E5%8D%80%E3%80%82%E7%B5%90%E6%9E%9C%E9%A3%9F%E5%A0%82%E3%80%82%E5%B9%B3%E5%83%B9%E6%97%A5%E5%BC%8F%E6%96%99
3637290511,1777436620,71763883120,enabled,6995433,6995433,1,1,0.00,6995433,0,msduba.pixnet.net/blog/2
3637290511,1777436620,72012809987,enabled,0,0,3,0,0.00,0,0,linea.pixnet.net/blog/post/30860434-%5B%E5%BE%B7%E5%9C%8B16%E5%A4%A9%5D-%E4%B8%8A%E9%81%B8%E6%97%85%E8%A1%8C%E7%A4%BE%E4%B9%8B%E5%84%AA%E7%BC%BA%E9%BB%9E
3637290511,1777436620,72012809987,enabled,3170877,1585439,5,2,0.00,1585439,0,www.chinatimes.com/realtimenews/20190417001699-260407
3637290511,1777436620,72012809987,enabled,9664354,4832177,736,2,0.00,4832177,0,www-ettoday-net.cdn.ampproject.org/c/s/www.ettoday.net/amp/amp_news.php
3637290511,1777436620,72012809987,enabled,3998103,3998103,1,1,0.00,3998103,0,dty987306.pixnet.net/blog/post/49916122
3637290511,1777436620,71763883120,enabled,2837538,2837538,3,1,0.00,2837538,0,peko721.pixnet.net/blog/post/45053520-%E3%80%90%E9%A6%AC%E4%BE%86%E8%A5%BF%E4%BA%9E%E5%BF%85%E8%B2%B7%E4%BC%B4%E6%89%8B%E7%A6%AE%E3%80%912019%E9%A6%AC%E4%BE%86%E8%A5%BF%E4%BA%9E%E8%B6%85%E5%B8%82%E3%80%81
3637290511,1777436620,72012809987,enabled,2731693,2731693,1,1,0.00,2731693,0,www.chinatimes.com/realtimenews/20190416001517-260407
3637290511,1777436620,72012809987,enabled,4446983,4446983,3,1,0.00,4446983,0,chinaq.tw/cn190410/1.html
3637290511,1777436620,72012809987,enabled,3925913,3925913,1,1,0.00,3925913,0,cvqst83k2.pixnet.net/blog/post/457527476-%5B%E8%9C%9C%E6%9C%88%5D%E9%A6%AC%E7%88%BE%E5%9C%B0%E5%A4%AB%E9%81%B8%E5%B3%B6%E9%81%B8%E9%A3%AF%E5%BA%97%E4%B9%8B%E5%A4%A7%E5%95%8F%E9%A1%8C%E3%80%82%E6%AF%94%E8%BC%83%E5%90%84
3637290511,1777436620,72012809987,enabled,5334187,2667094,19,2,0.00,2667094,0,www.backpackers.com.tw/forum/showthread.php
3637290511,1777436620,72012809987,enabled,5034812,5034812,5,1,0.00,5034812,0,www.dcard.tw/f/pet/p/231082214-%E5%A4%A7%E7%81%B0%E7%8B%BC
3637290511,1777436620,71763883120,enabled,4199723,4199723,1,1,0.00,4199723,0,yic123456.pixnet.net/blog/post/137107574--%E5%B7%B4%E9%BB%8E%E8%81%96%E6%AF%8D%E9%99%A2--%E5%B7%B4%E9%BB%8E%E8%81%96%E6%AF%8D%E9%99%A2%E4%B8%8D%E6%98%AF%E6%B3%95%E5%9C%8B%E6%9C%80%E5%A4%A7%E7%9A%84%E6%95%99%E5%A0%82
3637290511,1777436620,67966950646,paused,3004358,3004358,76,1,0.00,3004358,0,www-ettoday-net.cdn.ampproject.org/c/s/www.ettoday.net/amp/amp_news.php
3637290511,1777436620,67966950646,paused,3579216,3579216,3,1,0.00,3579216,0,fonghu0217.pixnet.net/blog/post/46301889-%E6%B0%91%E6%97%8F%E8%BB%8A%E7%AB%99
3637290511,1777436620,72012809987,enabled,5327153,5327153,7,1,0.00,5327153,0,www.dcard.tw/f/mood/p/231088412-%E6%88%91%E5%93%A5%E5%93%A5%E5%9B%A0%E7%82%BA%E5%90%83%E4%BA%86%E8%B1%86%E5%A5%B6%E6%94%A4%E7%9A%84%E6%9D%B1%E8%A5%BF%E5%B0%B1%E9%80%99%E6%A8%A3%E7%AA%81%E7%84%B6%E8%B5%B0%E4%BA%86%EF%BC%88%E5%BE%8C%E7%BA%8C%EF%BC%89
3637290511,1777436620,72012809987,enabled,5280404,2640202,1,2,0.00,2640202,0,www.chinatimes.com/realtimenews/20190416001953-260410
3637290511,1777436620,67966950646,paused,3366330,3366330,1,1,0.00,3366330,0,mook.com.tw/article_m.php
3637290511,1777436620,72012809987,enabled,0,0,1,0,0.00,0,0,mable.tw/blog/post/chunjo-coffee
3637290511,1777436620,72012809987,enabled,5545772,5545772,8,1,0.00,5545772,0,ifoodie.tw/post/5cb1dc5922613928fb477b39-%E6%AD%BB%E5%BF%A0%E8%BF%BD%E9%9A%A8%E3%84%9F%E9%AB%98CP%E5%80%BC%E5%BB%9A%E8%97%9D%E7%AB%B6%E8%B3%BD%E5%86%A0%E8%BB%8D%E6%B3%B0%E5%BC%8F%E5%AE%B6%E9%84%89%E6%96%99
3637290511,1777436620,72012809987,enabled,5166691,5166691,1,1,0.00,5166691,0,ustv123.com/images/250.html
3637290511,1777436620,72012809987,enabled,3779929,3779929,21,1,0.00,3779929,0,www.setn.com/m/news.aspx
3637290511,1777436620,72012809987,enabled,4680848,4680848,25,1,0.00,4680848,0,play01ground.com
3637290511,1777436620,71763883120,enabled,4123511,4123511,29,1,0.00,4123511,0,mook.com.tw/article_m.php
3637290511,1777436620,72012809987,enabled,4960391,4960391,2,1,0.00,4960391,0,www.bkfenxiang.com/post870129/942
3637290511,1777436620,72012809987,enabled,2245273,2245273,3,1,0.00,2245273,0,www.lookit.tw/travel/17143
3637290511,1777436620,72012809987,enabled,5104564,5104564,7,1,0.00,5104564,0,goez3.com/p11481.asp
3637290511,1777436620,67966950646,paused,2925167,2925167,2,1,0.00,2925167,0,mable.tw/blog/post/old-railway-bridge
3637290511,1777436620,71763883120,enabled,4135096,4135096,4,1,0.00,4135096,0,udn.com/news/story/6656/3756867
3637290511,1777436620,71763883120,enabled,3710629,3710629,1,1,0.00,3710629,0,udn.com/news/story/12927/3758678
3637290511,1777436620,72012809987,enabled,6092165,6092165,1,1,0.00,6092165,0,funyouworld.xyz/d_T3A5S2FwZ0FqL29hblNDaS8xaE9XUT09/page2
3637290511,1777436620,72012809987,enabled,5024585,5024585,1,1,0.00,5024585,0,goez1.com/p81871.asp
3637290511,1777436620,67966950646,paused,4194868,4194868,1,1,0.00,4194868,0,opinion.udn.com/opinion/story/9789/3321598
3637290511,1777436620,67966950646,paused,4017223,4017223,1,1,0.00,4017223,0,read.beeper.live/cat/65/node/1267343
3637290511,1777436620,72012809987,enabled,6658444,6658444,1,1,0.00,6658444,0,sant.tw/2016-10-06-674
3637290511,1777436620,71763883120,enabled,2410528,2410528,3,1,0.00,2410528,0,udn.com/news/story/6812/3760682
3637290511,1777436620,71763883120,enabled,19210747,2744392,719,7,0.00,2744392,0,www.twbest1.com
3637290511,1777436620,67966950646,paused,3886049,3886049,1,1,0.00,3886049,0,m.accuweather.com/en/tw/longan-village/1-697979_1_al/hourly-weather-forecast/1-697979_1_al
3637290511,1777436620,72012809987,enabled,11695775,2339155,181,5,0.00,2339155,0,www.twbest1.com
3637290511,1777436620,72012809987,enabled,0,0,174,0,0.00,0,0,www.nownews.com/news/20190417/3328357
3637290511,1777436620,67966950646,paused,6496567,3248284,304,2,0.00,3248284,0,www.twbest1.com
3637290511,1777436620,72012809987,enabled,4025241,4025241,1,1,0.00,4025241,0,ezp9.com/p96759.asp
3637290511,1777436620,72012809987,enabled,2395369,2395369,5,1,0.00,2395369,0,udn.com/news/story/12950/3761633
3637290511,1777436620,71763883120,enabled,4428470,4428470,4,1,0.00,4428470,0,www.difeny.com/traveleurope
3637290511,1777436620,72012809987,enabled,2640765,2640765,1,1,0.00,2640765,0,www.thenewslens.com/article/111259
3637290511,1777436620,71763883120,enabled,2392412,2392412,134,1,0.00,2392412,0,www.nownews.com/news/20190417/3328357
3637290511,1777436620,72012809987,enabled,5732170,5732170,2,1,0.00,5732170,0,yoke918.com/1522
3637290511,1777436620,71763883120,enabled,3867713,3867713,17,1,0.00,3867713,0,"Mobile App: BusTracker Taipei (Google Play), by Yahoo奇摩"
3637290511,1777436620,72012809987,enabled,2310263,2310263,1,1,0.00,2310263,0,health.udn.com/health/story/5974/3761244
3637290511,1777436620,72012809987,enabled,5966009,5966009,2,1,0.00,5966009,0,life.beeper.live/cat/141/node/1078374
3637290511,1777436620,67966950646,paused,4067820,4067820,1,1,0.00,4067820,0,"Mobile App: BusTracker Taichung (Google Play), by Yahoo奇摩"
3637290511,1777436620,67966950646,paused,3688377,3688377,2,1,0.00,3688377,0,nellydyu.tw/blog/post/putien
3637290511,1777436620,71763883120,enabled,2064081,2064081,2,1,0.00,2064081,0,udn.com/news/story/12950/3761633
3637290511,1777436620,72012809987,enabled,11488405,2872101,105,4,0.00,2872101,0,"Mobile App: 自由時報 (Google Play), by 自由時報"
3637290511,1777436620,72012809987,enabled,1179894,1179894,8,1,0.00,1179894,0,www.adqoo.tw/post06098061064429
3637290511,1777436620,71763883120,enabled,0,0,280,0,0.00,0,0,udn.com/news/breaknews/1
3637290511,1777436620,71763883120,enabled,0,0,101,0,0.00,0,0,"Mobile App: 自由時報 (Google Play), by 自由時報"
3637290511,1777436620,71763883120,enabled,2860862,2860862,4,1,0.00,2860862,0,udn.com/news/story/7173/3752123
3637290511,1777436620,71763883120,enabled,2586298,2586298,2,1,0.00,2586298,0,udn.com/news/story/7272/3760936
3637290511,1777436620,72012809987,enabled,7554058,3777029,4,2,0.00,3777029,0,ezp9.com/p120774.asp
3637290511,1777436620,72012809987,enabled,3405026,3405026,4,1,0.00,3405026,0,foodintainan.com.tw/tainanfood-henshia
3637290511,1777436620,72012809987,enabled,5565110,5565110,2,1,0.00,5565110,0,goez1.com/p113024.asp
3637290511,1777436620,72012809987,enabled,5128394,5128394,1,1,0.00,5128394,0,www.popnesia.com/2019/04/viral-video-presiden-jokowi-dan.html
3637290511,1777436620,72012809987,enabled,5202742,5202742,11,1,0.00,5202742,0,www.iamcookfan.com/post922769/1611
3637290511,1777436620,71763883120,enabled,2808949,2808949,24,1,0.00,2808949,0,www.twbest1.com/pc001048/page008.htm
3637290511,1777436620,71763883120,enabled,3230116,3230116,1,1,0.00,3230116,0,cline1413.com.tw/2015-07-30-1113
3637290511,1777436620,71763883120,enabled,3743720,3743720,1,1,0.00,3743720,0,ezp9.com/p136109.asp
3637290511,1777436620,72012809987,enabled,2370037,2370037,1,1,0.00,2370037,0,gogodayday.com/doc_b0hLVlp1dGtqSlltT3dwR3ZIWTVGdz09
3637290511,1777436620,72012809987,enabled,0,0,115,0,0.00,0,0,www.nownews.com/news/20190417/3328735
